"ä»£å¸","åœ°å€","ä¸‰æ­¥æ³•é€šè¿‡","å››æ­¥æ³•é€šè¿‡","åç»­æœ€å¤§æ¶¨å¹…%","æ£€æµ‹æ—¶æ¶¨å¹…%","æ£€æµ‹æ—¶ä¸Šæ¶¨å æ¯”%"
"æ°‘ä¸èŠç”Ÿï¼Œå†·æ¸…è‡³æ","0x3608daef6fe736e29568e880c99e820e56a14444","N","N","","","NaN"
"æ‹œå¹´æ­Œ","0x291eee473bf12526e49d4b53392a4e4901fb4444","N","N","","","NaN"
"é©¬ä¸Šæœ‰å¸","0xf18f3a9be65bd61097baa0914a67ec48af4a4444","N","N","","","NaN"
"æ˜¥æ™šæ­Œæ›²","0xea2f6384ff98cbc11c432e58cdcb8bd5039f4444","N","N","","","NaN"
"ç¥­å››","0x178e7955d9166c07e39235b808a84653d3f64444","N","N","","","NaN"
"Cæ—§Yæ–°","0x454b2b370ebce20dd95db831ae17213f1fad4444","N","N","","","NaN"
"çº¢åŒ…å¥³ä¾ ","0xe8fb5342ddbb25c125604067527b28bb151a4444","N","N","","","NaN"
"Cæ—§Yæ–°","0x081b9fc96c92a27d8e2eb9b695bd6154d9ab4444","N","N","","","NaN"
"ä¼Šå’Œå¹´","0xb43dd7157965b8f87a211b455f36409124614444","N","N","","","NaN"
"é©¬å¹´è¯´é©¬","0x7f2f4f81e395516bee57aacb0e5480cf5af84444","N","N","","","NaN"
"æœ€å·®æ˜¥æ™š","0x0f04e6a6571b0dba04d2072ee55f4e97eebe4444","N","N","","","NaN"
"æœ€å·®æ˜¥æ™š","0x7f99a2895b9a4801532b02faa481499d2edf4444","N","N","","","NaN"
"æ˜“å’Œä¹‹å¹´","0xd4c23883a1c65b44bdedb1eb41ba631877534444","N","N","","","NaN"
"å…«é©¬å…±é¸£","0x43c41dd5b9b9674af01ff75ca624505652574444","N","N","","","NaN"
"è·ƒé©¬æ‰¬é­","0xfec960163eff48612029b75e6440253147074444","N","N","","","NaN"
"éº»å°†é¸¡è›‹","0xcc5c8b217f7f13b3bf7142af3bc0f00e7c5b4444","N","N","","","NaN"
"ONEDAY","0x6427030544460aa4fc358c222d93c387e9de4444","N","N","","","NaN"
"æœ‰ä¸€å¤©","0x9a26f5a326cf82c276aec27acceddefad6b14444","N","N","","","NaN"
"ONEDAY","0x274f6794cd9ebdf7e1fd9e51accea84246684444","N","N","","","NaN"
"æœ‰ä¸€å¤©æ˜¯æ¢¦æƒ³ï¼Œç¬¬ä¸€å¤©æ˜¯å†³å®š","0x9691b24184bf04407c196512ff5b47e6c7ee4444","N","N","","","NaN"
"â€œæœ‰ä¸€å¤©â€æ˜¯æ¢¦æƒ³ï¼Œâ€œç¬¬ä¸€å¤©â€æ˜¯å†³å®šã€‚","0x79bfff63ff5b38ca128979eae154a8d114094444","N","N","","","NaN"
"3","0x0c8a130bd54988fe112176ed5c4a68ced10f4444","N","N","","","NaN"
"æ­¦BOT","0xc90c5f47e180c7d8cf69cd318d8ada13a56b4444","N","N","","","NaN"
"å¡å°”è¾¾èˆå¤«æ—¶ä»£","0x68558b48ce15812ac3012924bba1b25334cd4444","N","N","","","NaN"
"æ­¦BOT","0xf52134462d75c4bbe25b04ab8f6dae2e41e54444","N","N","","","NaN"
"é©¬å¹´å¤§å‰","0xc96e0f9617760e3eb4772bdd2cf3a72262e74444","N","N","","","NaN"
"KARDASHEV","0xc040d1ad15ae86368a13b50b4ccd5254bc5b4444","N","N","","","NaN"
"CYå¹¿è¿›","0xd0e116ae7fab39e0c26b7068806825d03d544444","N","N","","","NaN"
"èŒ¶é©¬å¤é“","0x02d60ecae416f3516d39afbbe3e6d581e9224444","N","N","","","NaN"
"æ–°å·æ™®","0x95895d83172f14cfe486b6d79ec75d6cdf734444","N","N","","","NaN"
"CYå¹¿è¿›","0x2d153256095198df9a79c34543df0399d8044444","N","N","","","NaN"
"æ­å–œå‘è´¢","0xd501b4b4970742cf3c41de33a3afdb480f8c4444","N","N","","","NaN"
"è´¢æºæ»šæ»š","0x40c1e8e3c6e1c9b8ad6efd05426409a6f3e04444","N","N","","","NaN"
"4æ—§1æ–°","0xdac091351a98401b3a3418c0d5decd98e8634444","N","N","","","NaN"
"ã†—Íå›½æ¸¸","0x367edb5be03fa2902035639fee37ea154aea4444","N","N","","","NaN"
"å°é©¬å˜šå˜š","0x0a28293d61ff09fa96d8018173c2bc5d223d4444","N","N","","","NaN"
"æ˜¥èŠ‚","0xa0d563bad9aa1b9e8322ee018b1b40e9bbba4444","N","N","","","NaN"
"GERTIE","0x859d01fd2b6209eb66656e83b552c5de0d2c4444","N","N","","","NaN"
"ï¼","0x0e9d92e7d58d146ef0ec9ef54c56246b17e64444","N","N","","","NaN"
"å°é©¬å¡","0x69500293e8409a467ccf3fee1b8a649d27bd4444","N","N","","","NaN"
"é©¬çœ¼","0x3025fd4a569cb0f4551a298aff544f364e1a4444","N","N","","","NaN"
"æ™®å¤©åŒåº†","0x656a5283abea0ec643c965768d86c0222cfd4444","Y","N","0.00","0.26","33.3"
"å…¨çƒè§†é‡","0xfd07ca73e0612a063b1cddf05e43880f718f4444","N","N","","","NaN"
"å¿«ä¹å°é©¬","0xfeeb3fd51d94c9e439046423888f1f1504c54444","N","N","","","NaN"
"å¿«ä¹å°é©¬","0xa0ac91ac23b27b0b164fa795afc8c16b01884444","N","N","","","NaN"
"æ˜¥æ™šå€’è®¡æ—¶","0x0aabbad172df70a8fff2bc691ae942d5610a4444","N","N","","","NaN"
"å¤§ä»²é©¬","0x2915b4d19d2baee98eabfa98cdf972194121ffff","N","N","","","NaN"
"æœ‰æ¥äº†","0xb85752f839e2b8f161bb8fe7b7a85300ddb04444","N","N","","","NaN"
"é—¨ç¥","0xc9499ee2ac3649cfafa45beb322d9b18595e4444","N","N","","","NaN"
"åƒå¹´å®¿æ•Œ","0x9b34c417e34caeb4b12606514bd0f1e029074444","N","N","","","NaN"
"åƒå¹´å®¿æ•Œ","0xd301c2f08d41b0f72d59d22f22118ca2a2ff4444","N","N","","","NaN"
"å¸¸è‡»å¥½è¿","0x408d01694616180aa4c1b24e03482c0379bc4444","N","N","","","NaN"
"æ´—å¤´æ—¥","0xee7903bc078440d1705444b896c9aecfa38e4444","N","N","","","NaN"
"æ´—å¤´æ—¥","0x6168042b45df84860bac02817648316f2ac84444","N","N","","","NaN"
"XYLO","0x7ebe4844a3bb442d04df43ef4d78374de0064444","N","N","","","NaN"
"Japan","0x166b4376f9f1eebec4edf840cbd3f61797704444","N","N","","","NaN"
"8BALL","0x97a67aafd98dc317935d9a7ef38d4479f8b64444","N","N","","","NaN"
"æµ‡å¤´","0xeafd575f8155d75a48169cdc73204261b97b4444","N","N","","","NaN"
"æµ·éªé©¬","0x55b53adcc358766cdeeb9517d18e3e32b8594444","Y","N","0.00","1.70","11.1"
"è®¸æˆ‘å†å°‘å¹´","0xe04c362da8c0b6635092ed752efd7f08ce284444","Y","N","0.00","4.04","66.7"
"é‡‘é©¬é—¹æ–°æ˜¥","0xc163f43da4a2ea7b5408deb07e7d203565d64444","Y","N","0.00","9.89","22.2"
"å¤§å¸å®‰æ˜¯æˆ‘çš„å®¶ä¹¡","0xe46b45386f2942fd5cbc6f31cf8a58da077f4444","N","N","","","NaN"
"å¤§ä¸œåŒ—","0xc7ffb3d3934db26b976dc4bcf3fde5f76b9c4444","N","N","","","NaN"
"ä¸œåŒ—","0x212076797f2ec09739db038ad322556a093f4444","N","N","","","NaN"
"å¹´","0x633af9665895597ed1837c86a34b90f2b2084444","N","N","","","NaN"
"éœå¤«æ›¼å’Œç­å†œçˆ±çˆ±æ³¼æ–¯å¦","0x20869b74f0b250ba34500b9a53dc03dad7f34444","N","N","","","NaN"
"Niko","0x963c66c27b1ea4b683c18f9837e8adf883394444","N","N","","","NaN"
"å¥¶å¥¶çš„æœ€çˆ±","0x2f29fcab2fc84752a5c8373cd3d5577eb9c44444","N","N","","","NaN"
"AI Agentçš„çœŸç›¸","0xaa1bc33593206af9ce34b4e9e84468f9a3074444","N","N","","","NaN"
"å¿«ä¹å°é©¬","0x97d11b345611394550cf5d1c832f8da7e2474444","N","N","","","NaN"
"æ­¦BOT","0xd8693780f42d737321275f896abd039ab2054444","N","N","","","NaN"
"UNK","0x77232dfa898343234a6c1e8fc0f742aab8814444","N","N","","","NaN"
"216","0xa933bb309bd5f8b129d816ea221381aa8f804444","N","N","","","NaN"
"Horse","0x59aab65e91301b5c96ea65e01dea2f88b9924444","N","N","","","NaN"
"ä¸‰ä¸‡","0xff935aa9021e6df19d86c1aa163df36093b54444","N","N","","","NaN"
"ä¸‰ä¸‡","0xb6343daa72e4633a0d36d158ebbfa1036c374444","N","N","","","NaN"
"2027é©¬åˆ°æˆåŠŸ","0x6c0508690906fe4503d97830991e2de40f2d4444","N","N","","","NaN"
"é©¬ä¸Šå°„","0x2147603fe447e4e9c4715ae959fb540ace1f4444","N","N","","","NaN"
"shrimp","0x6983902a129c1a52671f9c89d93462267db34444","N","N","","","NaN"
"å®‰é’±é©¬åš","0xfdc5f4f753939fd6024f1fd8f48f639badb54444","N","N","","","NaN"
"å¥¥ç‰¹æ›¼æ€€å­•","0xec8f88fbc3d797d94801f87a2a0357e7761b4444","N","N","","","NaN"
"åˆä»£æœºå™¨äºº","0x7ca96d984e3081ae707b705f900b738096c24444","N","N","","","NaN"
"ç«‹é©¬æš´å¯Œ","0x92c4ddf905050e2e2d6096f51dd2e3df25a2ffff","N","N","","","NaN"
"èœèŠ±","0x4263dfe4415b14c74f0f0bf2b8e10d01064d4444","N","N","","","NaN"
"æ‹œå¹´å•¦","0x0990c10dee8376e8403a4461ecf0b6f7ba854444","N","N","","","NaN"
"é«˜é“äºº","0x1319176155cbbe7b7ede6a1feaa4e7d408b74444","N","N","","","NaN"
"dabdob ç¶ è‰²","0x97fb59df3bdf78c475560428386bb88cf2024444","N","N","","","NaN"
"ç‹—è€³æœµç‹—","0x3a95331437d0d4b75c8c14a602aef581699d4444","N","N","","","NaN"
"ä¸æƒ³èµ·åºŠ","0xfe09bfd94187bcf410864c51b23d7d7f5b8e4444","N","N","","","NaN"
"SUCCESS","0xcd7f5064a6a5a951bbcb80d8344fc111d4364444","N","N","","","NaN"
"åšæŒä¸æ‡ˆ","0xd533a3baa2404582f36ebc6f1b7b260c91084444","N","N","","","NaN"
"åšæŒä¸æ‡ˆ=æˆåŠŸ","0x76fa180850002d03b4c211d2f5deb1783a324444","N","N","","","NaN"
"brb","0x2156004c6dc329007b3db18ca50cf5faefcf4444","N","N","","","NaN"
"é¦¬ä¸Šå¥”å‘æ–°ç¯‡ç« ","0x3f41cd56b99db6e8852a39156029d55424224444","N","N","","","NaN"
"â€œé¦¬â€ä¸Šå¥”å‘æ–°ç¯‡ç« ","0x3506cb385d8af03d014ae80bf2fe290d47f24444","N","N","","","NaN"
"å°è¯º","0xcafe2d1619dc723da957d784e7b69684fa074444","N","N","","","NaN"
"Neverrrrrrrrrrrrrrrr","0x493bdaf4ab305c5e03eb754221f87ffe89a74444","N","N","","","NaN"
"RUIRUI","0x67822dd8f32a4848d34173b81fe03e3d5c5b4444","N","N","","","NaN"
"Ming","0x64807a769dabf5a53ef9bb2019efbc4b12f74444","Y","N","0.00","4.93","33.3"
"æµ·å°”å…„å¼Ÿ","0x799805572aed2c60ee0d7ff96e44e5ba8cf44444","N","N","","","NaN"
"é©¬æ¡¶","0x8e3c213323c075740a871b8af27b3d5373f44444","N","N","","","NaN"
"å°ç™½é¾™","0xf79a302fc3d6d0a139d20cabe10181bb06814444","N","N","","","NaN"
"æˆ‘ç¡ç€äº†AIå¸®æˆ‘å‘äº†ç¯‡å…¬ä¼—å·","0x53edce5dd318f79c70fd36d1a836640bb48d4444","N","N","","","NaN"
"ä¸‡äº‹å¦‚æ„","0xddba156680415dbe7b7d3eaba32be6aaee1b4444","N","N","","","NaN"
"å¹³å®‰å–œä¹ï¼Œä¸‡äº‹å¦‚æ„","0xd1185f2173bf1d9fbf7eea7e88df19e834b44444","N","N","","","NaN"
"æ˜¥èŠ‚è¸é©¬æ¥äº†","0x918195c5d6ab014270a8a7791b0750f42bb4ffff","N","N","","","NaN"
"å¹³å®‰å–œä¹ï¼Œä¸‡äº‹å¦‚æ„","0x3168f4d7a55590c1f1bcedff2a8a3ef8053a4444","N","N","","","NaN"
"è´¾ç§‘é•¿DANCE","0x8a85e9fd74a12c99163b00619d1e1ed4576d4444","Y","N","0.00","14.51","33.3"
"éªéª¥é©°éª‹","0xb1dab2deece673926d1c3d5ac13e7204bfcd4444","N","N","","","NaN"
"å¥¶å¥¶çš„æœ€çˆ±","0xe652910bb01dd36fc556d862189d014bb8e04444","N","N","","","NaN"
"ä¿®ä»™","0x6e44493c53f30efe52b52515a13bed36492d4444","N","N","","","NaN"
"é©¬ä¸Šæœ‰å¥‡è¿¹","0x9dd2ec4086b6abd47c8c59bc5099ef1c26fa4444","N","N","","","NaN"
"é©¬ä¸Šæš´å¯Œ","0xf8d8f726e8fdbef1b2e16b3e7095fd867ee44444","N","N","","","NaN"
"é©¬å¹´è¯´é©¬","0x97c19d83436e623e65417dcbae250d84a1b44444","N","N","","","NaN"
"å¸å®‰å¥½ç‰©æœˆ","0x78951e45fefb7dd01635d08c57d07b8db7944444","N","N","","","NaN"
"å¸å®‰å¥½ç‰©æœˆ","0x54bd239d5529fc313ed3195fa7e28ed4dea44444","N","N","","","NaN"
"MEME","0x9b083720d71f497445da61c1d558329bc4994444","N","N","","","NaN"
"ä¸è¦ä¸è¦","0xb978655ed593d6bef6dbf84eacc01b9fceb64444","N","N","","","NaN"
"HY","0x0d00c191820a4ff0b38079804d446b2ff14b4444","N","N","","","NaN"
"ä¸è¦ä¸è¦","0x68b9054a9dac9d4f6d1fed2dfe06bb6d988a4444","N","N","","","NaN"
"å®‡å®™æ‰€","0x21a4c72a4be960e1404fbac0a19e6123968a4444","N","N","","","NaN"
"å®‡å®™æ‰€","0x4ff10f925696efec75baaca19677a0d78fc64444","N","N","","","NaN"
"è´¢å­","0x1222315130afbbdfbf09870d2b46789af5e34444","N","N","","","NaN"
"å®‡å®™æ‰€","0x264cbf3958ce4647682ac9af93896b82e1654444","N","N","","","NaN"
"è´¢ç¥","0x4606d798515d441d9234591c588c98ced9ce4444","N","N","","","NaN"
"è´¢ç¥","0x51ac75b5769ebfe7f5c6d54f2c15b23f11694444","N","N","","","NaN"
"4","0xf915b70644bb2b9e7a2dfae09a7834378ca04444","N","N","","","NaN"
"é©¬è¸ç¥¥äº‘","0x5f8d6c3194f9e004b3889d88d734a44d05c54444","N","N","","","NaN"
"ç¦é©¬","0x811d96511f9a0e812a6c1b97cce16a6d13a74444","N","N","","","NaN"
"é©¬ä¸Šæœ‰ç¦","0x79a37c7f269243be53e696e2c6fbb2eee2764444","N","N","","","NaN"
"é©¬å¹´","0x6024ef79fbf8677f4d449516a9932979efa64444","N","N","","","NaN"
"é‡‘å¾®ä¿¡","0x486e73707d021267ea0611a7f89eb89ee9834444","N","N","","","NaN"
"å¸å®‰ä¹°å•","0xaf08999e7b24451167f7f39c4b3ca4fb652d4444","N","N","","","NaN"
"é©¬","0x896a991a439ed2a46b1d00502d32da2400fa4444","N","N","","","NaN"
"ç¦é©¬","0xaeb51d761d1f1d0b0e38c649ca3af12b63914444","N","N","","","NaN"
"PUNCH","0x89aec48e3d836873dc6415bf8512cd5b22384444","N","N","","","NaN"
"å‡ºé¦–æ¬¾æ•°å­—é‚®ç¥¨","0x2d3429f9f6df9345deab2680f87e2c2422a74444","N","N","","","NaN"
"å¤´é“","0xd241d8d853bf68b90745e145ff863e31911d4444","N","N","","","NaN"
"è®¸æˆ‘å†å°‘å¹´","0x2da03b7da7a1128975a41c8e74cc0d05db444444","N","N","","","NaN"
"æ˜¥ç¯€æ—¥æ—¥æŠ½","0xff349c7473f06da221ce839ef8bb2e79c08b4444","N","N","","","NaN"
"é©¬ä¸Šæœ‰ç¦","0x5703bcc9a2a66ca405383d94e4c534deac1f4444","N","N","","","NaN"
"é©¬ä¸Šå‘è´¢","0x7bcc013bbde09473cb8b3928e7270c4b52af4444","N","N","","","NaN"
"é©¬ä¸Šæœ‰ç¦","0x1b7c0eec7901cbb0ffa1fe5367ca990564134444","N","N","","","NaN"
"UNK","0x9bab301c2c9e001561faf611a4e27b6476294444","N","N","","","NaN"
"Belg","0xfd23214d243b4145c16e0a2b862da0ef5a914444","N","N","","","NaN"
"å¹´å¤œé¥­","0x4bcee7be745662ff8160d6158aefbe6189c84444","N","N","","","NaN"
"éªéª¥é©°éª‹ åŠ¿ä¸å¯æŒ¡","0xcecdd9a6b53e39c6719b923192bf6de05db44444","N","N","","","NaN"
"èˆç‹®","0xc34d9579cad309b760ac42e546f5c9fc21534444","N","N","","","NaN"
"æ»‹æ»‹ä½œå“çš„ç‰›è‚‰ç—´è¿·","0x45b821fa681295d33bbcea949e14401345324444","N","N","","","NaN"
"PURRITO","0x762e97555c7878cc90afcd7a69b0cb17fd784444","N","N","","","NaN"
"æ­¦BOT","0xbeeae7efa1fe30605cccc311b64c99a1c6664444","N","N","","","NaN"
"é©¬å¹´å¤®è§†æ˜¥æ™šå…¬å¸ƒç¬¬ä¸€æ‰¹æµ·æŠ¥","0x6f564c53bec09e662d04fe3b095ede894d974444","N","N","","","NaN"
"å…ƒç†™","0xd7ef6f04b0629f75f8d04c32ac761eac86004444","N","N","","","NaN"
"å¸åœˆäººæ˜¥æ™š","0x47583eae7ef7d58e24bc074ae446f28f32334444","N","N","","","NaN"
"å¸åœˆäººæ˜¥æ™š","0x3eb8a38e9ac7a3e5a63e33ab4fffbc7516494444","N","N","","","NaN"
"å…ƒæ›¦","0x024090435c2fc02061cfe8792815df90c70d4444","N","N","","","NaN"
"SMILE COIN","0xb64cd3491dcd9f2f93fdf65015f5d339f9174444","N","N","","","NaN"
"æ”¾è‡ªå·±ä¸€é©¬","0xc5a99c1797b43fcafa1dc1b5944f3d98af544444","N","N","","","NaN"
"å¾®ç¬‘ç¡¬å¸","0x496e81b047141447f065d874be982f0dc31e4444","N","N","","","NaN"
"å¾®ç¬‘","0x7e15b684724c601ddec388dbee31c6a8bfb64444","N","N","","","NaN"
"å¸å®‰äººç”Ÿ","0xc0f770125fad658b00188131b138f7fc154d4444","N","N","","","NaN"
"å¸å®‰äººç”Ÿ","0x3e0fe3afbd7d48c8c19e57670eb9b32d4d954444","N","N","","","NaN"
"å¸å®‰äººç”Ÿ","0x4a1fe02684b9827d5ccd4d02bfd85d0b815c4444","N","N","","","NaN"
"å¸å®‰äººç”Ÿ","0xa947faf1c20bc5f2c66105bd7c8150675d054444","N","N","","","NaN"
"Ï€é©¬","0xd783685944c812d1ed88a5e22837db6b08d04444","N","N","","","NaN"
"gagaå¸","0x97bdfe52ad8533a2423aa7166a674d2404b34444","N","N","","","NaN"
"é‡‘è‰²æœ‹å‹åœˆ","0x8d27d16ee7f83e5e135d568997a3c1878b404444","N","N","","","NaN"
"é‚£ä¸ªç”·äººå‡ºç°äº†","0x73cae8849ec27f8410ce07161737b8f7d2274444","N","N","","","NaN"
"ä¸è¦ä¸å¼€å¿ƒé©¬","0x697f0bfe7fcf795697aff2c082c227140b914444","N","N","","","NaN"
"å¸å®‰äººç”Ÿ","0x899438abef610d1b9054fe161ad10c1f94fa4444","N","N","","","NaN"
"å¸å®‰äººç”Ÿ","0xaeacb0a25769fa2f867d395b502098348de14444","N","N","","","NaN"
"å¸å®‰äººç”Ÿ","0x6146cafa4256a47b831e50e462050d7a999d4444","N","N","","","NaN"
"å¸å®‰äººç”Ÿ","0xaf299dee544d01e5e5b3fab13d2283f5c24e4444","N","N","","","NaN"
"å¸å®‰äººç”Ÿ","0x0c72e67446d02b1ea2348ab0309064997e344444","N","N","","","NaN"
"å¸å®‰äººç”Ÿ","0x44edaf10d9c5f6f7091bad92189ee60eac314444","N","N","","","NaN"
"æ‹œä¸€è´¢ç¥","0xfe11f29b4926d3568652b1cf9f6ba71d91a34444","N","N","","","NaN"
"caterpillar","0x03bdd58ed67e1e7551d45278ff7e42b98eb64444","N","N","","","NaN"
"$PEACHV2","0x04fb75010f85589f59e40e0e2480193cf2494444","N","N","","","NaN"
"UNK","0xb4f15a73d9cb6d6aaef3496ecc68c1dd93bc4444","N","N","","","NaN"
"é‡‘ç®çµçŒ´","0x167043c2cbbd9b1fd4f0a42efaff7455f64b4444","N","N","","","NaN"
"ç—…æ¯’å¼åˆ†å‰","0x443de268c01e9d20f864792b3d6487b4b32c4444","N","N","","","NaN"
"æ®¿ãã‚“","0xf37cf685b1980ff2e1be6de010014c7d614e4444","N","N","","","NaN"
"é©¬è¸åƒå¹´","0x61ea71de91697c879a42fb2059d1ae4370f94444","N","N","","","NaN"
"$GPOWER","0xb5a760abf8c890cb3edc9f555b6e4f629c8e4444","N","N","","","NaN"
"UNK","0x5ea742789cf8ef2ab65fef213886a463aab04444","N","N","","","NaN"
"Tono-Kun","0x6106477081321e5c17b88dfe326681b8af6c4444","N","N","","","NaN"
"é“¶æ²³æœºå™¨äºº","0x70c0214e02a0c46b80d20b99a719b1d554abffff","Y","N","0.00","549.28","44.4"
"æœ€éš¾å¿˜çš„ä»Šå®µ","0x5de470df73b89d3ed139ec00188f0b500aceffff","N","N","","","NaN"
"ç‚®å£°è¿è¿","0xcd440337fd26774613d3ddc41481b12db6b7ffff","N","N","","","NaN"
"é¥­é©¬è¿‡æ¥","0x38e28736fbd02f71baf2d27c487118c4eb3a4444","N","N","","","NaN"
"è¸é©¬å‘è´¢","0xdea0a6ea8c16712fb7f4fd335c09db3af3464444","N","N","","","NaN"
"æ´¾é©¬","0xbe7e050feb5f58873158a73d302dfbb72a32ffff","N","N","","","NaN"
"Illustrator","0xc000dc9d637b72bc3909b333fd66b0a862ba4444","N","N","","","NaN"
"ILLUSTRATOR","0x1da053978b705eb8d960fde1e6f491131e2e4444","N","N","","","NaN"
"æ­å–œæ­å–œ","0x0240e4f3615e8ece674d548054a8dcffb32c4444","N","N","","","NaN"
"Pikachu","0x131b39e8555d3bde082656b5ee8fb580a7694444","N","N","","","NaN"
"$TRY","0xfd8f76bbdc8395625b7c0c493513d86661974444","N","N","","","NaN"
"é©¬å¯Œè´µ","0xd9d27c5f05d6893aa38d966366f2c8202f7b4444","N","N","","","NaN"
"é•¿é¹ğŸ†šå¹´å…½","0xa4926c0b24490c3166056d56643dcb533c2d4444","N","N","","","NaN"
"å¿«ä¹Â·å¥åº·Â·å¯Œè¶³Â·æ‚ é—²Â·å¹³å®‰Â·å¹¸è¿Â·é¡ºåˆ©","0xe8963173fa4d10d0e598580e2b364e44e6ce4444","N","N","","","NaN"
"æ´¾é©¬","0xa026265e682d5cf46c6cd8160099ec7dc86c4444","N","N","","","NaN"
"è´¢å¯Œè‡ªç”±é©¬","0x996fcdc3f402ca35c319692c9871c953e58e4444","N","N","","","NaN"
"Mugi","0xc538007adc32e92b34dbed188c538fdd38a24444","Y","Y","0.00","18.56","66.7"
"ç¥ç»è›™","0x169f1fc9ea0652d3ea0fc71ff24d8807f8604444","N","N","","","NaN"
"Horse","0xa1054f81d86a468aaa4151bf805760400977ffff","N","N","","","NaN"
"è„šå­","0xa4777822e82157c2add37c869941b70267004444","N","N","","","NaN"
"é©¬ä¸Šå‘è´¢","0xd0680f6e69d2e62293a728ddcdb8868573174444","Y","N","0.00","9.85","22.2"
"éªéª¥è…¾éª§ï¼Œé©½éª€é©°éª‹","0xd06939254b793f18271ca8af5b94fb2d48ee4444","N","N","","","NaN"
"ç¾å›½é©¬","0xeffb448df32b6833fa1343b97da91b332cee4444","N","N","","","NaN"
"æˆ‘è¸é©¬æ¥äº†","0x1d3499178f9a1260b21c4dc5c7ccdcedae5c4444","N","N","","","NaN"
"ç¾å›½é©¬","0x7f97849ebbb0a3152fe670bc5bea388f39144444","N","N","","","NaN"
"FOUR","0x0f51da725e19d1093beeffc8cb0575006c8b4444","N","N","","","NaN"
"å®‡å®™çº§ç¥ç¦","0xc34e28da27832e952ae75bb5cf2dc38c72634444","N","N","","","NaN"
"çš‡å®¶åŒèŠ±é¡º","0x81c42477a9a763c315fc944e3b98406897104444","N","N","","","NaN"
"æˆ‘è¸é©¬æ¥äº†","0x9e37c61c34766ac64da5aa1a52b51817e2134444","N","N","","","NaN"
"é©¬ä¸Šæœ‰å¥‡è¿¹","0x879f36f448da97684be97f21f82b480a8c204444","Y","N","0.00","39.34","44.4"
"æ•¸å­¸å°±æ˜¯æ•¸å­¸","0x38bf3fd397e64bc7438e027b7d8e019a0b414444","N","N","","","NaN"
"é©¬åˆ°æˆ","0x709d6c2f8a3171c52b047958f3c1a082aa41ffff","N","N","","","NaN"
"æ°¸è¿œçš„æ­»å¸","0xa28c949160c32c9848f6162c6c5e5cf55efd4444","N","N","","","NaN"
"æ¯”ç‰¹å¹£","0x0ad7e196dff9dba18abc3834ae1cea10e6374444","N","N","","","NaN"
"æ­»å¸","0x9cade9532ec760f3b0fce06914e0b4dbf0b84444","N","N","","","NaN"
"ä¸‡é©¬å¥”è…¾","0xdb4679c5549768665c2963b641db834ff4464444","N","N","","","NaN"
"æœ‰æ±‚å¸åº”","0x3b7747a0817e8057c6978ec7dab26aeba8bd4444","N","N","","","NaN"
"æ­¦BOT","0x475013f9eaf08dd46a85915a98cad700241c4444","N","N","","","NaN"
"ä¸‡é©¬å¥”è…¾","0xccd7de6597ad553bbde2ef89a1eec4ff69244444","N","N","","","NaN"
"å¤©é©¬","0x8af1fd6cfd77d36781d3407ed938bce735144444","N","N","","","NaN"
"ç™½é¾™é©¬","0x2a3e2874fb9b46c3f0f3b02aa6333387fb154444","Y","Y","0.00","103.36","66.7"
"é»„é‡‘ç”²","0x65e6af0233f26eb604e49fb16d57097c58e64444","N","N","","","NaN"
"æ‚¦å·±","0x3b195df7c8e7be3e3ac0bdf789f8c7d9914a4444","N","N","","","NaN"
"ä¸€å¹´åˆä¸€å¹´","0x7bf7c5b84cdd1fa20e36caee49a88bc392f34444","N","N","","","NaN"
"æ–°æ˜¥å¿«ä¹ğŸ","0x813ef11ada1bd76fd57df0cd1fdd27ee13054444","N","N","","","NaN"
"é©¬ä¸Šæœ‰ç¦","0x5245a5bba0c076d1c805654f291c58bc5cdb4444","N","N","","","NaN"
"æ°¸è¿œè®©å¤§å®¶æ’¸ä¸‹å»","0x3b31e2db3b1e50e8464b5818a1aafb0e469f4444","N","N","","","NaN"
"çŒ«å¤´å©´","0xa473315987b43b002cd4dca90da59b05ae274444","N","N","","","NaN"
"é©­é£æ­Œ","0x023315a9008e8e65b529046ac59c7776b8494444","N","N","","","NaN"
"BNBMOON","0xabcea70734bc5978d1cd2582e97513c82cc64444","N","N","","","NaN"
"å¸å®‰ä¹‹æ˜Ÿ","0x3e92d728e7e15d9310ec15cc909b757203a54444","N","N","","","NaN"
"æœˆäº®bnb","0x4e3cadfab4222cd6fb3aab98235989d44aae4444","N","N","","","NaN"
"æœªæ¥ä¸€ç‰‡å…‰æ˜","0x9196cc9f4f7d94baac78e794df3fc1b1e4bc4444","N","N","","","NaN"
"å¸å®‰é¾™ç ","0x9143cb9a0f5b24212242e91483bc41a77dbc4444","N","N","","","NaN"
"Å»Ã“ÅTA","0x214e136dce7e8137a3fa5bb8c4e1be4be4994444","N","N","","","NaN"
"å¤æ±Ÿé—ªè€€ç€é»„è‰²å…‰èŠ’","0x31c8e968c355ed4ef7ffb0474d6afa42265d4444","N","N","","","NaN"
"å¸å®‰å®ç ","0xc775089a3062b08896c39a986e06b467b80a4444","N","N","","","NaN"
"é‡‘ç¿ç¿","0x43b97d216eac062f5d228376ffe0e1ae36444444","N","N","","","NaN"
"å¸å®‰æ˜Ÿçƒ","0x3f8b13d6d1de65f1eef4e62aaadef0f5a36e4444","N","N","","","NaN"
"ä¸‡å®¶ç¯ç«ï¼Œé“¾ä¸ŠåŒåº†","0x55a5fe4565bb1fe2a4080ed95b39c399688f4444","N","N","","","NaN"
"é©¬ä¸Šæµ‡ç»™","0xaf05028c379cab566cc250b79c60d28bd185ffff","N","N","","","NaN"
"X","0x33543fa8add068fe06ed5df1390794ae30af4444","N","N","","","NaN"
"æ¯”æ¯”éª‘é©¬","0xf3933ab32031baf0c76db6d158c3daf341924444","N","N","","","NaN"
"bibiè¸é©¬æ¥äº†","0xcd21b2fa3f9d2b7cb0f969b6c8249da37fdc4444","N","N","","","NaN"
"è´¢ç¥","0xe88c7e31c1f80095211f476089762cedaaed4444","N","N","","","NaN"
"å¸å®‰é©¬é©¬","0xc810fc27e2a89b8fcdcb42c08cbd474c0dddffff","N","N","","","NaN"
"å¥¶å¥¶çš„æœ€çˆ±","0x470192df91532832134c7db1a62692a7b2424444","N","N","","","NaN"
"ç¥å¤§å®¶æ–°å¹´å¿«æ¨‚","0xd86da1d86c6d58ad52eba96db2059ef1bffd4444","N","N","","","NaN"
"æ¯æ—¥é‡‘ç‹—","0x98a8ff49ab0133a7c8bebc8002d6d972ad384444","N","N","","","NaN"
"æ¯æ—¥ä¸€é‡‘ç‹—","0x94177323cb0eff41c5a6dac213e4fcf1fd5c4444","N","N","","","NaN"
"æ¯æ—¥ä¸€é‡‘ç‹—","0x4c010dde4fd57549a1814f02818e5edbc3dc4444","N","N","","","NaN"
"é‡‘ç‹—","0xdf33694f3b8ce5949e03387e38d348f8212b4444","N","N","","","NaN"
"æ–°å¹´å¿«ä¹","0x9cdfcc37e5207ca47401d93ace050dcba73c4444","N","N","","","NaN"
"GDOG","0xafadd1cf54009190e053335deb98ff948baf4444","Y","Y","0.00","36.38","77.8"
"é©¬æ‹‰ä¸ªå¸","0xcaeef1e1f098390e312f5d297b08f4dce3824444","N","N","","","NaN"
"ç­–é©¬æ‰¬é­ä¸è´ŸéŸ¶å","0x40e994369dd9ff70038c1250efebb4256c664444","N","N","","","NaN"
"ç­–é©¬æ‰¬é­","0x053e06a151d6564ad9fb2504a7593375c1084444","N","N","","","NaN"
"æ­å–œç™¼è²¡","0xc3a9c263704a3ef1db15b607e604bf826fef4444","N","N","","","NaN"
"è›‡é‡é©¬","0xfdc77a6f66696037f710557f663b26057d4b4444","N","N","","","NaN"
"æ­å–œå‘è´¢","0x2309afa178f1a1dd6b5092323fa146a2e96e4444","N","N","","","NaN"
"é‡‘é©¬","0x470676ee14b827490698703dcf0be66f58bc4444","N","N","","","NaN"
"horse","0x6a2cb6e5df2e6a26ba27f8a719df2ab497da4444","N","N","","","NaN"
"4723","0xd4bc61a55568d6d8be646c9735fe2da7cfcf4444","N","N","","","NaN"
"é‡‘é©¬","0x252be504b70975365e4fceb0b68b359cee184444","N","N","","","NaN"
"æ˜¥èŠ‚å¿«ä¹","0x1d04ee4e232630e05a89f52efe61ecef329f4444","N","N","","","NaN"
"é©¬å¹´å¿«ä¹","0x3a9d438b3ddd8b10a657fe97f585eee1844a4444","N","N","","","NaN"
"é©¬ä¸Šæœ‰å¥‡è¿¹","0x5a0dc7154c953d55f36a9791e2e891dae80e4444","N","N","","","NaN"
"USHERING","0xfadd838e84b5f4dcfa9234787939ad7fa29a4444","N","N","","","NaN"
"è¿æ¥é©¬å¹´","0x4846faa359cd1d43c5a71280e4552c7cf8834444","N","N","","","NaN"
"é‡‘é©¬","0x9be241e8dc6794c497fab103f017617f8a584444","N","N","","","NaN"
"æ˜¥èŠ‚å¿«ä¹","0x7700743999808d238a57324662760fca28374444","N","N","","","NaN"
"å¿«ä¹","0x711c014f60be8f4939d97ca8445497f540af4444","N","N","","","NaN"
"GOLDHORSE","0xfaf08d13c4641c80fc3623a8496cb779a7484444","N","N","","","NaN"
"BH","0xb2548a00d367bed362c9d887b34fa75a86284444","N","N","","","NaN"
"é©¬å¹´","0x5c065f45b1c96982a44ce3f198d45a1d264a4444","N","N","","","NaN"
"æœ€éš¾å¿˜çš„ä»Šå®µ","0xd885b2b0c39032089408aa6110956d8abea1ffff","N","N","","","NaN"
"XPEV","0xaa5340a8ee2bd4c4dc321cd428caf288d0904444","N","N","","","NaN"
"4723","0x8bae5aa1610bf0207e4c0c035523bb710f8e4444","N","N","","","NaN"
"é©¬ä¸åœè¹„","0x5f42dd17b782705db592972d6c9679fcbff24444","N","N","","","NaN"
"UNK","0xcbf5098080801d09392fdd82e8150d66546e4444","N","N","","","NaN"
"ç«é©¬å¹´","0x873520ffe790fa0390faf6c94588352fa53f4444","N","N","","","NaN"
"å¹´å¤œé¥­","0xc61f75da6eddf3ff26c9757107b1815896e8ffff","Y","N","0.00","114.66","44.4"
"ç«é©¬","0x62dee5e9374df730452323788c84608ac3584444","N","N","","","NaN"
"ç«é©¬","0x457ff50b43272cb4c249095178f3e2a052fc4444","Y","Y","0.00","154.12","66.7"
"é©¬å¹´é©¬åˆ°æˆåŠŸ","0x2410df8f53e6d4c75be98c729032bc00c76f4444","N","N","","","NaN"
"é©¬å‡¡èˆ’","0x2330c9c07939061f8bfc9513194c28ba18604444","N","N","","","NaN"
"é©¬ä¸Šæœ‰å¥‡è¿¹","0xb3882cdde506cc2a575023a20fe3f8dc51784444","N","N","","","NaN"
"GMGNæ–°æ˜¥ç‰ˆ","0x67798ea9008d2565eb0e39abd5c2967defe84444","N","N","","","NaN"
"æ–°å¹´å¥½","0x58547a533bdf6dcb5584d1e57889c8e601204444","N","N","","","NaN"
"ç«‹æ˜¥","0x4e836fa3b8875c739f089e55bfe04584b1fd4444","N","N","","","NaN"
"éªéª¥é©°éª‹å…«æ–¹è·ƒ","0x3c456519be9ce9c7ead05008d570b72b182e4444","N","N","","","NaN"
"UNK","0xf376d4c9a391f71945acc056ea79257c49454444","N","N","","","NaN"
"åŠŸå¤«æ¨¡å¼","0xd0bccfda9c384826af2c942cfd9c48723a174444","N","N","","","NaN"
"é“¶æ²³æœºå™¨äºº","0x8c0aea2b7c6e00263237588273a418d43737ffff","Y","N","0.00","2.31","22.2"
"Fire Horse","0xc9229ed2d31136cc35745f8aa9e4aaf87e094444","Y","N","0.00","2.80","33.3"
"é¸¿è’™æ™ºè¡Œ","0x8a54e481c03e09d426225cc42010936f28d74444","N","N","","","NaN"
"å¥¶å¥¶çš„æœ€çˆ±","0x91097178d92754817e9ef5d5a8d55e056ab84444","N","N","","","NaN"
"UNK","0xc827056599b2e8d8be1895776b0caf9dffac4444","N","N","","","NaN"
"ä½ å‡†å–œæ¬¢","0x3887236bf2ad94df9068ec460aaac71eef094444","N","N","","","NaN"
"ä½ å‡†å–œæ¬¢","0x7a642b8d04477ab830c1395781d9590809bf4444","N","N","","","NaN"
"LMAOOOOOOOOOOOOO","0x7775bddce7f84f28c59b14a441f9b343dc92ffff","N","N","","","NaN"
"æœ€éš¾å¿˜çš„ä»Šå®µ","0xd381987b8cc3ce0c57353fdc8eecc7743083ffff","Y","Y","0.00","2084.90","55.6"
"bilibili","0x93559db68dc0ec22c8053b821d6aa404998a4444","N","N","","","NaN"
"å¤§å­™å­","0xab888a3ed931f7d39a48b01a59470e7230334444","N","N","","","NaN"
"å¤§å­™å­","0x9f8fab269f5a388fecd18f30510c216608014444","N","N","","","NaN"
"æ–°å¹´å¥½","0xad3294670aedc46c20e2a6919ccc2cc5b7c44444","N","N","","","NaN"
"æ¾å»¶åŠ¨åŠ›","0x1f80652c0786ea0310e77a62ec81526ab7174444","N","N","","","NaN"
"å¸ˆå¾’å››äºº","0xe4a6b4868aa08c7b229539e69f762edf20bd4444","N","N","","","NaN"
"æœºå™¨äºº","0x4b34ecfa75af51e8d7bce632f882b432ef074444","N","N","","","NaN"
"å¸ˆå¾’å››äºº","0xf3676831d5c84ee04b9b49daedd4f3249baa4444","N","N","","","NaN"
"å°ç ´äºº","0x71abe68c46f376ed57a97e976e60212e0bb74444","N","N","","","NaN"
"è±†åŒ…","0x7ca56823eebf70f384c788356c0cf844e00f4444","N","N","","","NaN"
"æ‰‹åŠ","0xb697d5c1adadc289d4e0cab11487799156194444","N","N","","","NaN"
"æ‰‹åŠ","0x9d8b4bcad85e1c344223ceeff2e4f0c7ddb54444","N","N","","","NaN"
"é“¶æ²³æœºå™¨äºº","0x37e7b0b4f5ae223c6df24dff56a32cb7d1b6ffff","N","N","","","NaN"
"æ‰‹åŠ","0x66efa4b0051cc4e4582a58f1e309a72869b84444","N","N","","","NaN"
"é¸¡æ°”äºº","0x9cc1b067948bafa361f674af1edf6ae7545c4444","N","N","","","NaN"
"é¸¡å™¨äºº","0x18ac703e09aa94475e099b6af4e44766ea324444","N","N","","","NaN"
"é¸¡æ°”äºº","0x36e19bd079ade803689d65c4a7df98c3ce064444","N","N","","","NaN"
"é¸¡æ°”äºº","0xfd1e9da2f11e4374d6986d8e6df3d0bec1524444","N","N","","","NaN"
"æœºå™¨äºº","0xe922980e81770ae6daca495c8d62b56142c84444","Y","N","0.00","2.09","22.2"
"é¸¡æ°”äºº","0x5517b26e5f5c6a625e6de5708d8b448f279e4444","Y","N","0.00","6.63","11.1"
"é¸¡å™¨äºº","0x4109eafba4dceb78183d92467f10c939fc524444","N","N","","","NaN"
"æœºæ°”äºº","0x147f7ca89f531785465866bad8222775aec64444","N","N","","","NaN"
"é»„é©¬","0x2afb51048dba5279888b134659dccd51a9724444","N","N","","","NaN"
"é¸¡æ°”äºº","0x32eb48bf3aa310d0ad5d50e828877ac75bdc4444","N","N","","","NaN"
"é¸¡æ°”äºº","0xca5151e6d43c2f37e8342acf1f949e68298f4444","Y","Y","0.00","46.27","66.7"
"å“­å“­é©¬","0xffc857dab8f9f40cf265abba57c9ae89f0784444","N","N","","","NaN"
"çŒ´æ¥æˆ‘ç»ˆäºå­¦ä¼šå¦‚ä½•å»çˆ±","0x6d065340fc09cdfcec17d88439b466a8be804444","N","N","","","NaN"
"æ¥ä¸€ä¸ª","0x32e899f1e37b560183364954a2d2788dd0424444","N","N","","","NaN"
"åç©ºç¿»","0x16f998133cf78a23a00f3f9b73af1286f8bc4444","N","N","","","NaN"
"ç”µæ­»äº†","0x8ef119fda1ee2f9f117642fbf7295154e82b4444","N","N","","","NaN"
"é¸¡æ°”äºº","0xbaa3a3f36c38699d9b05f489c04d4d8219d24444","N","N","","","NaN"
"çŒ´æ¥","0xac35fafd65636edf9001bd10065462336c014444","N","N","","","NaN"
"é¸¡æ°”äºº","0xa56a4bd3545ca7938e7eaaaa6ef149e7afc54444","N","N","","","NaN"
"é¸¡æ°”äºº","0xd0346a22042ab852ea1c82d8275ad0a6e5404444","N","N","","","NaN"
"ä½ ç¡®å®æ˜¯ä¸ªç¬‘è¯","0x4a36051bcc5840835b7932ca15bf7d5ef5ae4444","N","N","","","NaN"
"é¸¡æ°”äºº","0x255a1d4d1e2c6e050cfbdb2394b84c610f384444","N","N","","","NaN"
"booooooot","0x6b63b55980b1058b757fc8e572d9ff4480974444","N","N","","","NaN"
"è°ˆæ‹çˆ±","0xb77a68c740197af225ea648535f6aab4be1b4444","N","N","","","NaN"
"booooooot","0xa28a0ded5d88c3f76b16b0c31596e003f3324444","N","N","","","NaN"
"é¸¡æ°”äºº","0x695d32ac944e6db0cdab2f083bdd7184b89b4444","N","N","","","NaN"
"é•¿é¢ˆäºº","0xe2de2d4f32ec1dd1481daf2e507a216d67b74444","N","N","","","NaN"
"è·‘æ­¥è€…","0x4e650f4b96509a4b272e895eda9c47fa09b84444","N","N","","","NaN"
"å‘ƒå‘ƒå‘ƒå‘ƒ","0x5609376988d992956b7b9dc57fa785d86a8c4444","N","N","","","NaN"
"æ‰“æ–­","0x65368a059a2fc2262c18678579ec29e3fa564444","N","N","","","NaN"
"Runner","0xa9ece19550ee72705665558e65373a357e2e4444","N","N","","","NaN"
"æ‰“æ–­","0x16dcc4e48e2d7ca2dd202d18357fa73ade254444","N","N","","","NaN"
"Galbot","0x86c1aeb17063307fe3fca91817e5e24ce0cc4444","N","N","","","NaN"
"é¸¡æ°”äºº","0x5d72737ff45770342aa36e757eb6625bea9c4444","N","N","","","NaN"
"ç²‰è‰²è¡£æœ","0x1770664896c84c04a8bc6f622cd2ea8420de4444","N","N","","","NaN"
"å¾ˆé«˜å…´è®¤è¯†ä½ ","0x919ad550ea13735140fec6b9e7b09e4285354444","N","N","","","NaN"
"ç²‰è‰²","0xff563a4593150e997d4742cca056311f722d4444","N","N","","","NaN"
"å¥¶å¥¶çš„ç²‰è‰²è¡£æœ","0x3ce452f2efea87a615186e978c1414e2934e4444","N","N","","","NaN"
"é¸¡æ°”äºº","0x7076cc81271fa30a54caccdbba4652c45fef4444","N","N","","","NaN"
"é¸¡æ°”äºº","0x3aabf6633eb5b91e4852f485acdc107c3eb54444","N","N","","","NaN"
"é¸¡æ°”äºº","0x3c4524594f6539859bc82de58ab4535306b64444","N","N","","","NaN"
"é¸¡","0x42a99c9e2e5b9e8f92abc98315f42947441c4444","N","N","","","NaN"
"é¸¡æ°”äºº","0xb713dfec519e400abad8d8c1a254f88d157e4444","N","N","","","NaN"
"é¸¡å™¨äºº","0x9e4051243102d3afc0d2f7232aad53d8e9754444","N","N","","","NaN"
"æœºå™¨å¥¶","0x014ff4e82a81ea27ec7c0c6b66d464e25ab84444","N","N","","","NaN"
"ä»¿ç”Ÿè”¡æ˜","0x0771bcf8aa6bc98840cda6d39558e45fcf614444","N","N","","","NaN"
"ä»¿ç”Ÿæœºå™¨äºº","0x1a34917b1ca0f0b5cf83f92a9824f62578414444","N","N","","","NaN"
"ä»¿ç”Ÿæœºå™¨äºº","0x1e5bb1ded6491c280ba67df0c196e3fc99604444","N","N","","","NaN"
"ä»¿ç”Ÿè”¡æ˜","0x7b415d9d854c80f155ce035a802caa4aa2054444","N","N","","","NaN"
"ä»¿ç”Ÿæœºå™¨äºº","0x966d90d4033ac6d7abeb794e95886a905a2c4444","N","N","","","NaN"
"ä»¿ç”Ÿæœºå™¨äºº","0xfa8444f5cb50a16c7b16c5ab6a2fd063c9a84444","N","N","","","NaN"
"å¥¶bot","0x1ba4be8df9fd8d9043e2ae0a26a6247c7d004444","N","N","","","NaN"
"ä»¿ç”Ÿæœºå™¨äºº","0xe714c5592a22fc30405cfb714dff18ae465f4444","N","N","","","NaN"
"æœºå™¨äººå……ç”µ","0xad37602ba8d3beadb030c599e48a271d88aa4444","N","N","","","NaN"
"æœºå™¨äººå¥¶å¥¶","0x3e19d7c7d1f0b40bed71db1599f9d7a862cd4444","N","N","","","NaN"
"æ­¦BOT","0xaf77d5c6d1af8588603b3689c3c6751bfd6f4444","N","N","","","NaN"
"UNK","0x9f13dce89d1965104578552d2d135911cddc4444","N","N","","","NaN"
"å®‡æ ‘æœºå™¨äºº","0xe5a1b601804af9df3896e3e1a56524b87c074444","N","N","","","NaN"
"å’‹BOT","0x31706e629a0d57c407da900ee9635424386e4444","N","N","","","NaN"
"å¢é«˜","0x79279d13e0144e5f5faa82258fc2d8c59c1c4444","N","N","","","NaN"
"å¥—è„–å­","0xebbc441336a317fd36b83517726a785dd61a4444","N","N","","","NaN"
"ç«é©¬ä¹‹å¹´","0xc70902d7e2a27799b814a8da33760d87e6c04444","N","N","","","NaN"
"CodeWiki","0x616104a6644b076bb258da8ed577f22e1e454444","N","N","","","NaN"
"åœ¨BSCç¥å¤§å®¶æ–°å¹´å¿«ä¹","0x59bc7d7decb1141a76dd279b95690467165f4444","N","N","","","NaN"
"æ™ºé€ æœªæ¥","0x7dcc9e7e4e50f5f22a4620f79d65b6bd860e4444","N","N","","","NaN"
"ARKNIGHTS","0x075838acab67bde068195532fedc75efd1db4444","N","N","","","NaN"
"æ˜æ—¥æ–¹èˆŸ","0x4de40b779057f58cc5df7977a8f159d075c04444","N","N","","","NaN"
"è¦æ¤…è¦æ¤…","0xda3f8b6ce653c064a0363ed02e3fbc7fe0a84444","N","N","","","NaN"
"ã†—Íå›½åˆ¶é€ ","0xdeddaf4ff351307f4950ddcb8cac2556cac24444","N","N","","","NaN"
"ã†—Íå›½åˆ¶é€ ","0x369c8ea30c540a6aba939dcd2927117b10694444","N","N","","","NaN"
"made in Ğ¡ĞĞ†ÎĞ","0xf58eab876af00ee1bb31767855efb2e757aa4444","Y","N","0.00","2.81","11.1"
"æ˜¥æ™šæŒ‡æ•°6900","0x73b6251d2d6bd7cc2a60b9fa8e2591c9d1e14444","N","N","","","NaN"
"ã†—Íå›½åˆ¶é€ ","0xaa0c964cde7419ce5ed443f605476d8753334444","N","N","","","NaN"
"ã†—Íå›½åˆ¶é€ ","0x2ecfc93eba5655e4a734bec1ffc7b55ff8134444","N","N","","","NaN"
"ã†—Íå›½åˆ¶é€ ","0xa9d748ca2611c0041c56fa21727a0a8fc96c4444","N","N","","","NaN"
"æ˜¥æ™šæŒ‡æ•°6900","0xf5605ead2a10c12df89ec941a4b6bbe0eabc4444","Y","N","0.00","13.96","22.2"
"ã†—Íå›½åˆ¶é€ ","0xf8433e46d33e29928c7215a092a37581039a4444","N","N","","","NaN"
"MADE IN Ğ¡ĞĞ†ÎĞ","0xfcc87a13f733a2283f552efdba206b6fdd8b4444","N","N","","","NaN"
"å—çš„inch","0x5ad7f55d39dbfb3303410f2958ac486114fe4444","N","N","","","NaN"
"æèŠ±","0xf2173d0c5009dc768b294eb7d65f97ba54714444","N","N","","","NaN"
"æ¢…èŠ±èŠ±ç¥","0x6e13b05052891794b7ff3d0a8f4256d142624444","N","N","","","NaN"
"ä»™é¹¤","0x0a0dcfd168b399d0076804d2b76812c578b64444","N","N","","","NaN"
"CRYPTO","0xadb206749382fd3a8bdca02aba79fa93fc5c4444","N","N","","","NaN"
"åŒ–èº«","0xfeb0a7a7ad75f53ff06fdd88f376253a49da4444","N","N","","","NaN"
"æ¢…èŠ±èŠ±ç¥","0xd767cc2f29a1135e126fa41907c4a2a41feb4444","N","N","","","NaN"
"èŠ±ç¥","0xdd066c31d2ef6abe719bb5cda15ef024f1e84444","N","N","","","NaN"
"TTTEST","0x9addac7cf7f9cc5e69431f3266528936a67c4444","N","N","","","NaN"
"ä¸­å›¯æ™ºé€ ","0xb64d2887749a7b66ff19302111007f95058f4444","N","N","","","NaN"
"èŠ±ç¥","0x449ee53c040a9ca0f22f89a62984e2c34b184444","N","N","","","NaN"
"å¼€ç«¯","0x311df83e6dd9b6de8607f5d4e9ad7aa5e35d4444","N","N","","","NaN"
"è´º1ç¥","0x37ac6bff4067d366057ca30f2bd8f427a7f44444","N","N","","","NaN"
"é‡‘é±¼","0x2ce117618e8239d6fbf628b79521d0b1703d4444","N","N","","","NaN"
"4chan chan","0xe8da0529135981a964bc650a9cb937e89b2b4444","N","N","","","NaN"
"SCP-166","0xb53f894d96b712be8c20acd8e422e87f8ced4444","N","N","","","NaN"
"4chan chan","0x8eb97a4833d83b2d5d1aa05dc38b688b0e7d4444","N","N","","","NaN"
"1åœºæ˜¥æ™šæ”¹å˜ä½ çš„äººç”Ÿ","0xefd2da242852e29246a3fba4fa46873b35a34444","N","N","","","NaN"
"Duck","0x97373c09b692e076acc5f01c4166409836d04444","N","N","","","NaN"
"é¹¿","0x75dae169c7a67af83720c469cdc947abc1804444","N","N","","","NaN"
"æ‹œå¹´äº†","0x40d23282bb90570d84562e45e9d846843d884444","Y","N","0.00","8.00","22.2"
"æˆ‘è¦é—ªè€€","0x6b3a2a4549eac2a3051a7aca8f1276d9f1314444","N","N","","","NaN"
"2026","0xb6bd294c053fc7d2074cebe829a11672bbeb4444","N","N","","","NaN"
"åŠ¨èµ·æ¥","0xd3ddcc14196e137bf9d8d942867e2b00741d4444","N","N","","","NaN"
"Firebubu","0x5eec810de5efebd2f32c9ed28a9108a164d24444","N","N","","","NaN"
"BINANCELOVE","0x93387af536816c771ac31321e4fe0b8cd4524444","N","N","","","NaN"
"å¸å®‰ï¼Œæˆ‘çš„æ°¸æ’ï¼Œä½ ç‚¹ç‡ƒäº†æˆ‘çš„çµé­‚","0xbf3b4ce90bc022cc3bceafb908339eb27d064444","N","N","","","NaN"
"ç¦æ°”åŠ ç ","0x99c7314d9e9768af2761f48e60bc9425db694444","N","N","","","NaN"
"BURN","0xd1f0e2d74a4d4e179b23634d084b0151050d4444","N","N","","","NaN"
"ç•™ä¸‹","0x92cfcc1e7826bf9f86ed50fd0f6e4e1463e64444","N","N","","","NaN"
"æ²¡æœ‰å›½ç•Œèƒ½å¤Ÿé˜»æŒ¡çœŸå¿ƒçš„ä¼ é€’","0x1b291b9a8d19a1b49defb7edc8f2a0624da74444","N","N","","","NaN"
"å¸å®‰æ˜¥æ™š","0xa8df327f4d1cce802c4154244c9a54e684b74444","N","N","","","NaN"
"å°ç™½é©¬","0xf21c5c4e9ddf20f0a467759cf55f0ed0fc854444","N","N","","","NaN"
"è°çš„èœ","0xd68a633da9a9f70d0af07dbfb5fab03e25754444","N","N","","","NaN"
"ä¸€è¯•å³æˆ","0x8c7a7ff41869cfb2472937633dda00d8201a4444","N","N","","","NaN"
"è°çš„èœ","0x704d98bb98bad2ad1935d5b098e0725206484444","N","N","","","NaN"
"è°çš„èœ","0xd7e3c915685715176a254954586a6de0010d4444","N","N","","","NaN"
"è°çš„èœ","0x99e35dababf2eab0b61aada6f56712fac5e74444","N","N","","","NaN"
"è°çš„èœ","0x5590d5aa1b98e7735bc3fc1e3a15ad6c8e664444","N","N","","","NaN"
"æ˜¥æ™šmemeè¡¨æƒ…åŒ…","0x890377493c350dd8fe20bb6c5e9648bb4a854444","N","N","","","NaN"
"å°çº¢ä¹¦å‰ç¥¥ç‰©","0xad586786906d9e048c29acfbce6c7b9b73e44444","N","N","","","NaN"
"è¶³çƒ","0x7d42417a79ea666feb5b2d4b870b8f49bdc34444","N","N","","","NaN"
"ç¦ç‰¹å®","0x355d48a21b25dfce625d42848515588d8b3b4444","N","N","","","NaN"
"ä¸åƒé¥­","0xa274af4ce26cefca42a76bd7931a984569184444","N","N","","","NaN"
"é©¬å¹´å®‰åº·","0x2c1be864c987e24c1842b5a4765356d2620e4444","N","N","","","NaN"
"ä½•ä¾ ","0x4e1e414aca4040db5f0b7a9e7f5a1b8601864444","N","N","","","NaN"
"8","0x462554ed7601ef819a038859f285633180074444","N","N","","","NaN"
"1ä½•ä¸ºè´µ","0xc9ce3c99f847d38ac9f9eca4a1b9b3e68c924444","N","N","","","NaN"
"æ–°å¹´å¿«ä¹ï¼Œä¸€èµ·å‘","0x5b220d07e7ca8ccbd07cc96e687c4320bb174444","N","N","","","NaN"
"VALUABLE","0x3ba0807e2e491477de5953c7126abe64ee184444","N","N","","","NaN"
"1ä½•ä¸ºè´µ","0xb8d59e15f908019ff1553266e08387f537414444","N","N","","","NaN"
"1ä½•ä¸ºè´µ","0x39f442764e23615fa19692e4e258ed4143444444","N","N","","","NaN"
"äººä¸äººä¹‹é—´æœ€åŸºæœ¬çš„å°±æ˜¯ä¿¡ä»»","0x707f40bfd998399c03a4f75176f85522ab964444","N","N","","","NaN"
"VALUABLE","0x2ada7b66efe816574442b34cd3c2189faa684444","N","N","","","NaN"
"ä½•è™¾","0x48c80a3abd75501de5cf274834726dc6d58e4444","N","N","","","NaN"
"ä¸€ä½•ä¸ºè´µ","0x0d7cd432b0055c455075da57d1586ce05d214444","N","N","","","NaN"
"ä½•ä¸ºè´µ","0xbab94aeca86523b007823e6ee4f74dd7c0314444","N","N","","","NaN"
"1ä½•ä¸ºè´µ","0xff40f86280b884f54a62f1002185d25acd374444","Y","N","0.00","8.07","22.2"
"æ²³è™¾","0xb1d2fa675065621fe06c59a623ef3cbaa7594444","N","N","","","NaN"
"ä»¥ä½•ä¸ºè´µ","0x0ebca1632ce743899dc9a29ae8dc367494114444","N","N","","","NaN"
"ä¸å·®é’±","0x47c9ba473ca3391b7bb685087f8036a7a5a64444","N","N","","","NaN"
"é“¶æ²³æœºå™¨äºº","0x7f97e5c08e4abdece5bcf25cd60330d5afd3ffff","N","N","","","NaN"
"è¿½è§…","0x1705237ede6c33539ca1e1a195dc31dae6414444","N","N","","","NaN"
"ä¸€ä½•ä¸ºè´µ","0x1ff10b8472a5c823a554426ecd1f0746d5444444","N","N","","","NaN"
"ä¸‡äº‹å¦‚ä¸€","0x8f1e51c7cfab7f10d26fbc0e7b014e82ee5a4444","N","N","","","NaN"
"ä¸‡äº‹çš†1","0x6ba62ef69ee02fce4ebde4cc3220cb1152554444","N","N","","","NaN"
"ä¸‡äº‹çš†ä¸€","0x0bbd5a97e324ac068c327e38fcbaf6a32cc44444","N","N","","","NaN"
"è¯·æ˜¥é…’","0x3f01a0370540afab3d2e2c57a1076b0803aeffff","N","N","","","NaN"
"ä¸‡äº‹çš†1","0xfa0bef632af4423a54b1c970e2a6489a72594444","N","N","","","NaN"
"1","0x90a095200ecdc4b77c34a634b635610020f04444","N","N","","","NaN"
"ä¸‡äº‹çš†1","0x671f2cb059ca901b8a79311fc1ce66ecc34e4444","N","N","","","NaN"
"ä¸‡äº‹çš†ä¸€","0xb3223c0fdefaec20b41b7a0f008cdd8a67ff4444","N","N","","","NaN"
"ä¸‡äº‹çš†ä¸€","0xbe1bc32529af5eee71284925ce30cfe711664444","N","N","","","NaN"
"ä¸‡äº‹çš†1","0x1046b7ae3556744459876a71fa6453e1e4854444","N","N","","","NaN"
"UNK","0x19ab383b657ba23352bc2271967e4e63e5b84444","N","N","","","NaN"
"ä½•æ™š","0xfd9129237883bae5c1cf68550f720cc660fb4444","N","N","","","NaN"
"ä¸‡äº‹çš†ä¸€","0xcd3c9bcdde701ae39fef265f162bc57ab6f14444","N","N","","","NaN"
"ä¸‡äº‹çš†ä¸€","0x97ffa6b476e221c678e9504247c7cf5438434444","N","N","","","NaN"
"çº¢é¹…","0x2eb7178c0fbe6e2831ed3bdaa5a7557549f24444","Y","N","0.00","7.54","11.1"
"ä¸‡äº‹çš†ä¸€","0x5ce4b93b299d063a8237fe3795e857d7f4094444","N","N","","","NaN"
"é»‘é©¬ç²¾ç¥","0x3dd2fdc84db5bbcf1059f3caef919738cc754444","N","N","","","NaN"
"æ­¦BOT","0x4b020b32440b09a357ddcba0fda81eb012254444","N","N","","","NaN"
"æœºå™¨äººå…¨é¢å…¥ä¾µæ˜¥æ™š","0xadcf267bc06869328ee1dfaab8aacf1953c34444","N","N","","","NaN"
"æ–°å¹´å¿«ä¹ï¼Œæ­å–œå‘è´¢","0x5f61d1a95928266a0ddfa8e89cae0e44a1ee4444","N","N","","","NaN"
"æœºå™¨äººå…¨é¢å…¥ä¾µæ˜¥æ™š","0x635ec1849911aa96efc3056fd76fd5fd10a14444","N","N","","","NaN"
"å¸å®‰æ˜¥æ™š","0x2415c7efcb073224f058c7d18133421f8e884444","N","N","","","NaN"
"ç™½é©¬ç²¾ç¥","0xc7c7e80bae96c09ad3eec91cfa93054db3da4444","N","N","","","NaN"
"WAZA","0xa6e6ca58784eadf25613587eb8218daaa9ee4444","N","N","","","NaN"
"åœ¨é“¾ä¸Šç¥å¤§å®¶æ–°å¹´å¿«ä¹","0x21f7df9b8c9d3ac2cb0b3db9faad2d366ef34444","N","N","","","NaN"
"Nong","0x6dbfee0cd5c8ce3b5240d2e202ce881ba73e4444","N","N","","","NaN"
"Nong","0xbdb7853c32651e3cc4210e6a6d7c23b020594444","N","N","","","NaN"
"GMGNæ˜¥æ™š","0x90eace53deee0c3e0fef920c2867de9097704444","N","N","","","NaN"
"æœ‰æ±‚å¿…åº”","0x0e2f163d71973f624332b7a81cd0e08a2b85ffff","N","N","","","NaN"
"æœºå™¨ä¼šæ­¦æœ¯  è°ä¹ŸæŒ¡ä¸ä½","0xed9e34c0e42e0d361099da85e941a20a72944444","N","N","","","NaN"
"å¸•é²","0x2d44b600df67483d76848ea01b7bec7ca9de4444","N","N","","","NaN"
"ç«é©¬","0x4d29b11a23f20c4396e5d4863a7c050ae79d4444","N","N","","","NaN"
"ç¥å¥‡é©¬å„¿","0x5a2524095384c9295212dba4f53174b0e0954444","N","N","","","NaN"
"fire horse","0xd138bf1e489304514fd501f7f2748bdfef5b4444","N","N","","","NaN"
"éª‘é©¬","0x2f598643bcf0dfbeac22ddaf75d38b1791194444","N","N","","","NaN"
"ç»èœœè¡ŒåŠ¨","0xb312b4d3b93562b75424a9b07ec2d3e804ae4444","N","N","","","NaN"
"ç¥å¥‡é©¬å„¿","0x8a25b0e9ab55e9c1512719192021e6a33c664444","N","N","","","NaN"
"é©¬","0xce0566aa1cdb77637092ad61e72d805fa9644444","N","N","","","NaN"
"ä¸‡é©¬å¥”è…¾","0xe0a6a7d52864431f839d33aba94bd13ca53d4444","N","N","","","NaN"
"ç¥å¥‡é©¬å„¿","0x70a13d9737c3e3ee5ce312f45bef9d43863e4444","N","N","","","NaN"
"ç¥å¥‡é©¬å„¿","0x53fb376efdc4e9a7a56629be39aeb9e0c3624444","N","N","","","NaN"
"ç¥å¥‡é©¬å„¿","0x968a089ddbd877bdcf2803176c4968e957af4444","N","N","","","NaN"
"ç¥å¥‡é©¬å„¿","0xc1639654e7d5f06d61f9584b49134608d01a4444","N","N","","","NaN"
"ç¥å¥‡é©¬å„¿","0x35082bb660d99e85887f9ccf4731e45bb9b14444","N","N","","","NaN"
"ç¥å¥‡é©¬å„¿","0x57568596dc5210f87a8bb8668aede3f498d64444","N","N","","","NaN"
"å‰é‡","0x03c9dc2b3ba3224951c06c7b708f6480aa724444","N","N","","","NaN"
"56","0xae0c39ca79fe6cf45e881585b373d0d6eb614444","N","N","","","NaN"
"56","0xaf6379c956af1a1a593c099c41091f2129744444","N","N","","","NaN"
"çˆ¶æ¯å¥åº·é•¿å¯¿å¸","0xa1a1a074d3d85ea08c16dfa4ab73878541064444","N","N","","","NaN"
"å¤¯çˆ†äº†","0x229304b2d3fee4f621b908a026c1b98fed744444","N","N","","","NaN"
"æˆ‘ç¥é©¬æ¥äº†","0xed606a719963e7b5f162d02d51ba1686fd674444","N","N","","","NaN"
"å‰é‡","0x4509773bf5e9968562bbec6aac420b9d5a5c4444","N","N","","","NaN"
"é‡‘é©¬","0x6f300973f4ea9eab86573d8bcd8791f1ff254444","N","N","","","NaN"
"UNK","0xb5ffbb7251f2d4fb633bb07224cd15f19fda4444","N","N","","","NaN"
"æˆ‘éª‘é©¬æ¥äº†","0x92180f820a109fa243f3c90baad46ed958b74444","N","N","","","NaN"
"å‰é‡ç¥é©¬","0x518f4748b71738ba171381160b1b53b8eca04444","N","N","","","NaN"
"æ‹‰å®Œäº†","0xcb3cef6f82bf3124a9f26bddbe53684ee1334444","N","N","","","NaN"
"å¤¯","0x81c31b4fc3203b802f277142b3fa19e718484444","N","N","","","NaN"
"UNK","0x0dd85f0ccf16190b724a72d5e9cf632279974444","N","N","","","NaN"
"è·ƒèµ·çš„æµ·é©¬","0xcef09ba476dad66d4f443497b97cb84e97654444","N","N","","","NaN"
"ä¸€é©¬å½“å…ˆï¼Œä¸‡å€å½’æ¥","0x5f9ffc5463da4c39d31b31b5ac1709b2a5904444","N","N","","","NaN"
"ä¸€é©¬å½“å…ˆï¼Œä¸‡å€å½’æ¥","0xb182460cd24ca95faf36544856b67dfaa9674444","N","N","","","NaN"
"HORSE6900","0xa364ef930fc05c98f97cf17fa0ed0ff90a8b4444","N","N","","","NaN"
"å¯æ–°å²ï¼Œä¸‡äº‹é¡º","0xe5b5d172a31471ab94bb1853d7e1070f88794444","N","N","","","NaN"
"å‰é‡","0x74d3e01713d56f53c700b587d9a60e4002e54444","N","N","","","NaN"
"ç«é©¬","0x3a8019910ff9bda8813cf136b1ae6e5142c74444","N","N","","","NaN"
"å‰é‡","0x158c7571c8223a9e601af9b22ea74e81cd884444","N","N","","","NaN"
"æ¯”ç‰¹å¸é©¬","0x98292495114a763c15b9585d3baccf8e2fc74444","N","N","","","NaN"
"å‰è‰¯","0xa99bc1fb402807b96714d30426520eae738d4444","N","N","","","NaN"
"é‡‘é©¬","0xed436c6b664642cdf8ff8e9bc3db709554cb4444","N","N","","","NaN"
"å¥”è…¾çš„æµ·éªé©¬","0xa2e78d2eab71d0fddbd4474692a57b53ae304444","N","N","","","NaN"
"å‰é‡","0x65ddeb8c4f14d5766b37dec952199bfd6e324444","N","N","","","NaN"
"æ˜¥èŠ‚Kçº¿æ™šä¼š","0x0737ad4ea35bcdf6ff6dbe4c2d0b6538127c4444","N","N","","","NaN"
"æ¥æ™’ç§‹","0xc69f93f68945951d56e4afa68d5ee242c08f4444","N","N","","","NaN"
"é©¬å©","0x83dc73e5b73c96490ecfb95df67788f6f87c4444","N","N","","","NaN"
"é©¬","0x5328a1d9b3d84e86d765578160e1816b59bd4444","N","N","","","NaN"
"å†œæ°‘æœ‹å‹","0xfc9eaca8ccea4f3007ba788d1dc5aa2156584444","N","N","","","NaN"
"å†œæ°‘På°å°†","0x0d277f6a7d4cacdab4fcc74e9a644f4ab4464444","N","N","","","NaN"
"å†œæ°‘","0xdceaa6c41cb8a18d1e856ce23462667cde4b4444","N","N","","","NaN"
"å†œäº§å“","0x191435e8ca2800b2bfbafee1d76493f7a1bb4444","N","N","","","NaN"
"æœ€å¥½çš„å†œåœºä¸»","0xf7e15a20d0a931aaefbb0c4eb29da1a97e264444","N","N","","","NaN"
"å†œæ°‘","0xb77d2f9160d71bb63ecbcbabe45c696fd9c94444","N","N","","","NaN"
"æœ€å¥½çš„å†œåœºä¸»","0xb6e2c8113629bd2995597dfd43b6500dedf84444","N","N","","","NaN"
"å†œæ°‘","0xeb14bf41654f2f06ee0c03505ea0dbc6410a4444","N","N","","","NaN"
"å†œåœºä¸»","0xad2a51a87e597e193b1e3bbe542bac2de2014444","N","N","","","NaN"
"è€•è€˜","0xeb8f5cdf32eca2fe36e4b8a68f2fc3ef9b8e4444","N","N","","","NaN"
"Peasant","0x53d6c585532f878cc9d3223e6ac03c221d714444","N","N","","","NaN"
"äº¬ç²‰6å·","0x67cd28418b822b6276aa890d170cf24f18d44444","N","N","","","NaN"
"å†œåœºä¸»","0xe43085cd5cba36f0b7379351b94ca82f3a6b4444","N","N","","","NaN"
"å†œæ°‘","0x0b75e46c214f7487d7a727412e36c44c91384444","N","N","","","NaN"
"é“¾ä¸Šå†œä¸šå¤§å­¦","0xa74c6d64b65263137fe3f7c785f7e3422b314444","N","N","","","NaN"
"ç‚¹æ²™æˆé‡‘","0xbf73ae7784bef2f05a403c2356016644c1374444","N","N","","","NaN"
"ç‚¹æ²™æˆé‡‘","0xdb19ca31d86a071e6be5151f6b823c5cddca4444","N","N","","","NaN"
"ç‚¹æ²™æˆé‡‘","0x97176ff2ac9184e1a48bc2e57f8a797aefa24444","N","N","","","NaN"
"å†œæ°‘","0x71f08d59cb1750bb543a3cde5bf7a53746f74444","N","N","","","NaN"
"å†œå¤« PEPE","0xef44de6b50fbd482f00f2b846ded3457ab904444","N","N","","","NaN"
"é“¾ä¸Šå†œä¸šå¤§å­¦","0x8377111fe37ebf7ef22a936ddbb1d082439b4444","N","N","","","NaN"
"é©¬æŒ‡æ•°6900","0x2d240f0eb9633b294c0cdf3840867a3fcc214444","N","N","","","NaN"
"å†œæ°‘æœ‹å‹","0x9847d9cfadb7c7b61a35216dd08303358ae44444","N","N","","","NaN"
"é“¾ä¸Šæ–°ä¸œæ–¹","0x9a01f4432c76ab7feea7725df784cb4831974444","N","N","","","NaN"
"é½å¾—éš†å’šå‘›","0x5bc9762465b870a7eef6ff65385ebffce3e44444","N","N","","","NaN"
"å†œæ°‘","0xe60944531abcfa166f70c52b2aa9342800c14444","N","N","","-5.14","44.4"
"é‡‘è‰²çš„é•¿é¾™","0x8ee55d2ba53fa84292011998be72d9eb4daa4444","N","N","","","NaN"
"é©¬ä¸Šæœ‰å¥‡è¿¹","0xf5916190378a1061835aa3ae1b5995e5cf80ffff","N","N","","","NaN"
"å†œæ°‘6900","0x57e6205fcff2346bde467662616cf4a410b84444","N","N","","","NaN"
"å†œæ°‘çš„ç²®é£Ÿ","0x2232f36c660c8001402cd7c47877c3417d704444","N","N","","","NaN"
"ç‚¹ç‹—æˆé‡‘","0x62ea51ae2578d9c9856e56df89eb068f9a6a4444","N","N","","","NaN"
"é“¾ä¸Šå†œä¸šå¤§å­¦","0xa6e2f575ef0c408f286859083b446b43c1e94444","N","N","","","NaN"
"å†œæ°‘","0xe85030dd6991645938cff34fd19e90f4af15ffff","N","N","","","NaN"
"ä¸€å¹´å†œåˆ°å¤´","0x5814bb6f0a6b7f6ac91b6c59bff9a8216cad4444","N","N","","","NaN"
"å»‰å†œ","0xc7003719bdb111b28bd4837250e70b0921d14444","N","N","","","NaN"
"é©¬åˆ°æˆåŠŸ","0x92a85371c02a3d98f7289dc27a61635f6e1b4444","N","N","","","NaN"
"å†œæ‘åˆä½œç¤¾","0xe16af2d40043c4410fac5379ade859fe27864444","N","N","","","NaN"
"å†œæ°‘ç‹‚æ¬¢å¤œ","0x9716cc114598b1d5523eda2d1a1d8d25fdce4444","N","N","","","NaN"
"å†œæ°‘å¸","0xcf997f118ad867afd22e5c421be0869c0d9e4444","N","N","","","NaN"
"love","0x319b2ff9f8911658177b0a6e0f579e62a3074444","N","N","","","NaN"
"shaiqiu","0x6234a57cc1268685c920fc78cd30011e09e04444","N","N","","","NaN"
"HorseKing","0x1af945c5d5bcf6f75b5a3c780decb8f9b6954444","N","N","","","NaN"
"æ™’ç§‹","0x3e9716dfc9298abc7344993f0829232842694444","N","N","","","NaN"
"å®Œç¾","0xc7a2a5aebf5817e037e00d7026df7b6b360d4444","N","N","","","NaN"
"å®Œç¾","0x527512d8db5e9d66a7b7decb71d4a25e5e8f4444","N","N","","","NaN"
"ĞšĞĞ‘ĞĞ","0x152a602f6fa6df9229617e37053820a4841f4444","N","N","","","NaN"
"å¥”è…¾çš„æµ·éªé©¬","0xe49a46779878322a9e6aab812187eaa7c6924444","N","N","","","NaN"
"ä½ å‡†å–œæ¬¢","0x9f11aaf08d7a2b29a6fd01c0223735872a654444","N","N","","","NaN"
"ä½ å‡†å–œæ¬¢","0xf07a3075e18941e670988019cbbdf0d685f04444","N","N","","","NaN"
"BSCå†œå®¶ä¹","0x8721d43d4b797f4658a65c9505b97201b1f84444","N","N","","","NaN"
"å†œåœºä¸»å°ä½•","0xe2da06f93576ff791ab4e7c14dda126ac78e4444","N","N","","","NaN"
"ç™½å¤©åˆ·ä¸åˆ°æ™šä¸Šèº²ä¸æ‰","0x47c05725c559318c6b54be0b78fdf27cf1474444","N","N","","","NaN"
"è°éŸ³æ¢—6900","0x237c37735591157cf41ad0c8931f088976bd4444","N","N","","","NaN"
"ç”µå­æ¦¨èœ","0x45b814f0a34bd70dca6b31b0812cbf378ec74444","N","N","","","NaN"
"ç”µå­æ¦¨èœ","0x923a2e1fdfdf58af88e93a3ce717ab0ede334444","N","N","","","NaN"
"åŠ è‚ ä¾¿é¥­","0x382e81cfe56e22fea0d532fd1b2a3caf8e494444","N","N","","","NaN"
"ç”µå­æ¦¨èœ","0xa00aea882a22b1f9fa4482826429e2885c684444","N","N","","","NaN"
"ç¾é£Ÿ6900","0xf0b111739bd16205dc594cfc26ff84bbe9a04444","N","N","","","NaN"
"åŠ è‚ ä¾¿é¥­","0xec7adf229d4f0f50a154aeb0c620fecd46d74444","N","N","","","NaN"
"åŠ è‚ å˜é¥­","0x06f7e0ac46f55d39125507b01f3c3e4c70684444","N","N","","","NaN"
"å¥³å­©é­”æ³•å¸«æˆ¿é–“","0x025290621748068b9cc1273ec9882d674eb84444","N","N","","","NaN"
"ç–¯ç‹‚è´­ç‰©é¸¡","0x957894e2464e56da9df38259206aaa5a49c74444","N","N","","","NaN"
"ä¸ç”¨åŠ¨è„‘è®°","0xc710c8b2b61a15fab006ec15c19fd50823784444","N","N","","","NaN"
"ç¢³åŸºç”Ÿç‰©","0x885d795dbc10bc1c079a9c4bd7281ac7eb8a4444","N","N","","","NaN"
"ä¸Šå¤´","0x1487b10d17ee204a65cc8b92cf4982bbc0074444","N","N","","","NaN"
"ç¢³åŸºç”Ÿç‰©","0xcc237542db642c0f36100219f241f19b24da4444","N","N","","","NaN"
"ç¢³åŸºç”Ÿç‰©","0x83905181d7d61a9ffe122dc87018db60c89d4444","N","N","","","NaN"
"å¤šä¸€äº‹ä¸å¦‚å°‘ä¸€äº‹","0x4b315838c16318940d3ee9e4040e2bf6fc864444","N","N","","","NaN"
"é‡ç”Ÿä¹‹äº‰éœ¸ä¸Šæµ·æ»©","0x9dd0d782aa4ed22679a5b389703942e43c4d4444","N","N","","","NaN"
"å¼º","0xdadc902deb950765cd86594f0539bbf95d994444","N","N","","","NaN"
"ä½ çš„å¼ºæ¥äº†","0x4c542ca4e0998cd45f3906c3137427c435224444","N","N","","","NaN"
"ä½ çš„å¼ºæ¥äº†","0xa46778c1e13b6fd1704f2336e8129ab34d384444","N","N","","","NaN"
"ç¨‹ç¨‹","0x84e9ab1da686e49b401ad8560e91e25e00d64444","N","N","","","NaN"
"ä½ çš„å¼ºæ¥äº†","0xf8a4f283a4110ed2dac9d64aea60eddfe9174444","N","N","","","NaN"
"ä½ çš„å¼ºæ¥äº†","0x7ca2618c5137ce7f1a2215343b8f8c5848964444","N","N","","","NaN"
"ä½ çš„å¼º","0xf6ba607898ae9918b09c865cc7df9f4db6714444","N","N","","","NaN"
"è®¸æ–‡å¼º","0x2e6bf4bac6cdab2aa33bd09b84286f33124f4444","N","N","","","NaN"
"ä½ çš„å¼ºæ¥äº†","0xac353bba58841bfc510bd5df8d318652ee954444","N","N","","","NaN"
"ä½ çš„å¼ºæ¥äº†","0x03edb62ef08c19f4658da1af55ab2c9fe2ab4444","N","N","","","NaN"
"ä½ å¾—å¼º","0x4a41bd78b4f53e09d6a599d9feaf302c7b6c4444","N","N","","","NaN"
"åå¤æ¨ªè·³","0xaa2955481252ed364f49b3b2d28cdd1257854444","N","N","","","NaN"
"åå¤æ¨ªè·³","0xde69c6e91755ed8062d88162ed767a6b3bcb4444","N","N","","","NaN"
"è¡£é£Ÿçˆ¶æ¯","0x24a4f7c41ebe6f877f060af2ed384032bc0f4444","N","N","","","NaN"
"14çˆ¶æ¯","0xa373918c0bcfe3d340a86a961adbd2cf80d94444","N","N","","","NaN"
"è ¢å®Œ","0x5d25f79ad718b1d9d3d52333e3d339800ee94444","N","N","","","NaN"
"è¡£é£Ÿçˆ¶æ¯","0xffa0102b45f2c96c0c3bca5eb7df7e63f2ec4444","N","N","","","NaN"
"è¡£é£Ÿçˆ¶æ¯","0xd38f9facf09129e66d441c1108fddd5ccaab4444","N","N","","","NaN"
"æ‹¼æ‰‹é€Ÿ","0xe68178c0f24c0aadb591b8035307186f8d454444","N","N","","","NaN"
"0å…ƒè´­","0x1a868446dd0b021b18c3b2aff54f184a2f244444","N","N","","","NaN"
"ä¸Šé“¾æ¥","0xa1d611a4f875517c02eb55f9f20707dcbae44444","N","N","","","NaN"
"æ‰‹åˆ°ç¦æ¥","0x8fa685c71011b35e62a2d844a1cce91a8e824444","N","N","","","NaN"
"1","0xe0674fc738f4e4d02d09cfa413e16f00156c4444","N","N","","","NaN"
"321ä¸Šé“¾æ¥","0xe7cbfc7d57323613e770b856e65c51330eab4444","N","N","","","NaN"
"é©¬å¹´","0xbadeb8b79df4b8a12e51861d11d5228959d54444","N","N","","","NaN"
"ç”·äººå‘çš„èª“åªæœ‰åœ¨å‘èª“çš„æ—¶å€™æ˜¯çœŸçš„","0x4b3a3ac2e88b7b28789164ee06f38cedab684444","N","N","","","NaN"
"å‘4","0x55f6ee0aedc2e370b1b291934465f285bde84444","N","N","","","NaN"
"å‘4","0xe6631880481f5ea93804ff78adf7f3ae5e194444","N","N","","","NaN"
"ä¸‡äº‹å¦‚æ„","0xb7c8647b3d5b353f3b33d23fa7a24deddbe44444","N","N","","","NaN"
"ä¸‡äº‹å¦‚æ„","0xd96006fb302a0d3c71a9a6eee9f21e72815d4444","N","N","","","NaN"
"é©¬å¹´ä¸‡äº‹å¦‚æ„","0x812bc6498d4bae8b2d8abfc369d95c42dbd74444","N","N","","","NaN"
"é©¬å¹´ä¸‡äº‹å¦‚æ„","0xbfee28d93fd2f1738bd29e32dba0b5a67d124444","N","N","","","NaN"
"å±è¨€è€¸å¬","0x74b93c2aed9fe124540c2155a6fde29a7c8c4444","N","N","","","NaN"
"14çˆ¶æ¯","0xf07564a8b8939ae1d9eadbad27fbe62e3b464444","N","N","","","NaN"
"å±è¨€è€¸å¬","0x70204140712e1aad8779d2fc48f426ee86444444","N","N","","","NaN"
"å¤©ç”Ÿçš„æ¼”å‘˜","0x7957764466f607efeddccba782e871707c324444","N","N","","","NaN"
"å¤¸","0xda8777237013320bdddf68892d96dc75ae524444","N","N","","","NaN"
"å¤¸å¤¸è€å…¬","0x13fe742023264d8258153c33e76161edb36e4444","N","N","","","NaN"
"å¤¸","0x1421fec4551d5948e7769e7aa50fb10ef3484444","N","N","","","NaN"
"å˜å˜æ»´è¾£è™¾","0x90b06eab4d86b915590c0a412f0442583acf4444","Y","N","0.00","102.10","33.3"
"ç²‰é©¬","0x5c5fd955fe4d4e075bf6c92e6f376f85f5d84444","N","N","","","NaN"
"é’»çŸ³æ‰‹","0xc4ef6a02779307113ae342599aa8bf67fc554444","N","N","","","NaN"
"Happy CNY","0xe7d5bc2ca2ee6e897b0be2210bc3551bc2af4444","N","N","","","NaN"
"æˆ‘ç¦äº†","0x415f9cf4c2aecf39cf57f187c6f2856348f94444","N","N","","","NaN"
"ç³»ç»Ÿæ¼æ´","0x8005b66fa1056595a45353dc066a6de70a344444","N","N","","","NaN"
"æ¨ä¸»ä»»","0xface96747a18c13fce3f1dc9d613364e5b904444","N","N","","","NaN"
"æˆ‘æ˜¯æ¨ä¸»ä»»","0x38928bbf37e8cf5a6207813c63340c9a482d4444","N","N","","","NaN"
"ç³»ç»Ÿæ¼æ´","0xec341fef0125290c29b78de70ae49e4c952c4444","N","N","","","NaN"
"ç³»ç»Ÿæ¼æ´","0xe4c19886ddb2d88b8509a32fe6d2d88f28384444","N","N","","","NaN"
"æ¬èµ·çŸ³å¤´ç ¸è‡ªå·±çš„è„š","0xb5ef675a3267acb3c38bad7ff3dc7e2a34ef4444","N","N","","","NaN"
"ç³»ç»Ÿæ¼æ´","0x03eceef180145558dfbfb66c6e55dc755a114444","N","N","","","NaN"
"ç³»ç»Ÿæ¼æ´","0x5ba5a1c38c46ddb93ecef21a49693f81e3ca4444","N","N","","","NaN"
"ç³»ç»Ÿæ¼æ´","0x489bb06ffe6c0bc0db6cb8f6833a3666ee354444","N","N","","","NaN"
"è½¬è½¬","0x48f6b62800ca2e9fb1c4650c108992995a344444","Y","N","0.00","466.31","44.4"
"æ”¾ä¸‹æ‰‹æœºæ‹¥æŠ±ä½ çˆ±çš„äºº","0xa134ca8f6d4538408312fc65912ea44d6e814444","N","N","","","NaN"
"ä½ çš„å¼ºæ¥äº†","0xbce66dd29383269663c09df3c37f1ea4c709ffff","N","N","","","NaN"
"å°èŒ…","0x2abe464277e39bcec74ee1ad759c6d93e9dd4444","N","N","","","NaN"
"ä½ å…ˆåˆ«æ€¥","0x572289579bc7f02fa2a03ac4196cf7c3cc814444","N","N","","","NaN"
"å¥¹æ ¹æœ¬ä¸çˆ±ä½ ","0x42d44208e74fc5d896cd70317f04108a141e4444","N","N","","","NaN"
"ä»–ä¸çˆ±ä½ ","0xbcd76d4aa361944f90cd9bb8c8613ef45a0b4444","N","N","","","NaN"
"GOAT","0x7283a7f2174faa2fc9c22a2e749650c006a2ffff","N","N","","","NaN"
"ä»–ä¸çˆ±ä½ ","0x20e8d16ddb7e3942d0e08f5143b4dee804ff4444","N","N","","","NaN"
"ä»–å¥¹ä¸çˆ±ä½ ","0xf564a1d0bcc3adeddc4a3dfac1632347164d4444","N","N","","","NaN"
"è°èµæˆè°åå¯¹","0xae2de101fb99edc4b1864ee3be9cc3622d78ffff","N","N","","","NaN"
"å¥¹ä¸çˆ±ä½ ","0x1bd8c1511c04f54c9c2ed357aca6a3c22a484444","N","N","","","NaN"
"ä»–ä¸çˆ±ä½ ","0x1956e67d588655b6baa9397b9ef82096e9264444","N","N","","","NaN"
"vlog","0xf07e115795fa14c3e40dad298d743748ff164444","N","N","","","NaN"
"èŒèŒå®å®","0x811b1af10888367516058537d6e289cbe0da4444","N","N","","","NaN"
"BIC","0x4f9b0070bdd56fe4d16bf8804220dcabc2704444","N","N","","","NaN"
"BIC","0x35261f9c3d05d1206f4c5d7c1d2cafaa8fb64444","N","N","","","NaN"
"BIC","0x308489837fcd11718528dee6e232ede6ae354444","N","N","","","NaN"
"å°é©¬","0x932b02643de2713b21a83d55b629eccab1fd4444","N","N","","","NaN"
"BIC","0x38b62a7535a69352ad6752dca317897f4edf4444","N","N","","","NaN"
"è‡ªæˆ‘æ›´æ–°","0xd9129e2e001b40b47d0294daed9ee341d75c4444","N","N","","","NaN"
"è½¬è½¬","0x4c13ecfe3e4e022a1763dad860593fecfeaeffff","N","N","","","NaN"
"ä¸çŸ¥ç«çŒª","0xb662b13a6d70e8dfd15bd9325e57e20070364444","N","N","","","NaN"
"é©¬ä¸Šæ›´æ–°","0x6e7092783dbc6e6ece83631985c1b5aefffb4444","N","N","","","NaN"
"TRUST","0x2a2509e2ae8aa99f774090aefd9f5b97cc504444","N","N","","","NaN"
"ä¸åŒäººç”Ÿ","0x3f8d1576ff53d451cc592b3677a3e087d8624444","N","N","","","NaN"
"äººé—´å…±é¸£","0xc3b2419f72068fe5842d52a6e92a095953c74444","N","N","","","NaN"
"ä¸åŒäººç”Ÿ","0xba7f5334534cc46a3322ebc4aeeac23246464444","N","N","","","NaN"
"é‚£ä¸€åˆ»","0x076a2f00f9d38c0a69862ab34a85cd88170b4444","N","N","","","NaN"
"äººé—´å…±é¸£","0xe9fd6fffbf26342ae7f352face52b138d74b4444","N","N","","","NaN"
"é‚£1åˆ»","0xa25ba2bb4f92abb0e09296236ed9068f86c14444","N","N","","","NaN"
"äººé—´å…±é¸£","0x0d6dea1bb4f1ce529b1e685bee548b172c4b4444","N","N","","","NaN"
"äººé—´å…±é¸£","0xaed459429c6f9890edef7f89d47044389a454444","N","N","","","NaN"
"é‚£ä¸€åˆ»çš„äººé—´å…±é¸£","0xf52df41b1ef6f8dc9ca60de9e2afcc7fba1a4444","N","N","","","NaN"
"æ²ˆè…¾ä¸€å¥dogekingéª—æˆ‘çœ‹äº†5å¹´æ˜¥æ™š","0x9b255bc8beea0289cd98718a41d8a69f67424444","N","N","","","NaN"
"äººé—´å…±é¸£","0xdae6222d2211f2ca0d8cce1d4654735521134444","Y","N","0.00","5.59","22.2"
"é©¬ä¸Šæš´å¯Œ","0x2db5c01cb4a9111e28921ce2040b9e8696e8ffff","N","N","","","NaN"
"æ²ˆè…¾ä¸€å¥dogekingéª—æˆ‘çœ‹äº†5å¹´æ˜¥æ™š","0x89744bffb3cce3ae2f44b28b832cdcccdec44444","Y","N","0.00","3.60","33.3"
"å¥³å­©é­”æ³•å¸«æˆ¿é–“M","0x1b681a24de349487484038e963f00440ff6d4444","N","N","","","NaN"
"æå¥mvp","0x47e9809869bbf412c372424d8d4e4e2396a74444","N","N","","","NaN"
"æˆ‘ä»¬éƒ½æ˜¯è¿½æ¢¦ç¦»å®¶çš„å­©ç«¥","0xd60cc664b36839aa4173bfc9f6d9f5f505ba4444","N","N","","","NaN"
"æå¥","0x0fc653962e4187b041a42d76aecaa950df82ffff","N","N","","","NaN"
"UNK","0x5b7b06675262b663f2223b4fb0f732ceaa014444","N","N","","","NaN"
"ä»å¤´å¼€å§‹","0xe1694b4c15a4bb465547c9c642ee72c368c34444","N","N","","","NaN"
"é™¤å¤•","0x269954f8fb09698554e1a4f5cce88c7620104444","N","N","","","NaN"
"æ­¦BOT","0x1cb2d59931a48fb860144de358e5a125b79d4444","N","N","","","NaN"
"å…³æ‰ç”µè„‘","0x9dd6e148edd544e3f0d820630219997db2724444","N","N","","","NaN"
"å¤§éª—å­","0x1e44c2db9b88596cbc5a380d759b9c5bffde4444","N","N","","","NaN"
"ä»å¤´å¼€å§‹ã€‚","0x1f0dd2e7991ed875ec086f0a625ddf4ffc324444","N","N","","","NaN"
"å…³æ‰ç”µè„‘ï¼Œå›å®¶å§","0x23b27e28b6adc3306f71a90ad463b47122bc4444","N","N","","","NaN"
"ä»å¤´å¼€å§‹","0x206610a7e160a0719f01bc467f238346c64c4444","N","N","","","NaN"
"æˆ‘ä»¬æ˜å¤©ä»å¤´å¼€å§‹","0x73faada955d874c9596494e37cb82c4876744444","N","N","","","NaN"
"æˆ‘ä»¬æ˜å¤©ä»å¤´å¼€å§‹","0x4a47cf637217fc928d4ff9730326b6fbb10f4444","N","N","","","NaN"
"4ARMY","0x73a84d87dbb433bf47cefb59bed70c5c7eb14444","N","N","","","NaN"
"æ²ˆè…¾ä»Šå¹´è¯´ä¸€å¥æˆ‘è¸é©¬æ¥äº†","0xddd14a1fe225c087223b34a02d8f52099fde4444","N","N","","","NaN"
"dogeking","0x6616d47cdf8692a3a8f23e490c968f4a187a4444","N","N","","","NaN"
"HPD","0x3168e52afdd9e45fd549f2878aeae405230e4444","N","N","","","NaN"
"æ²ˆè…¾æ˜¥æ™šæ€çŒªç›˜","0x53af90f97044b19938dc1cc76c1ef47efa334444","N","N","","","NaN"
"æ–°å¹´å¿«ä¹","0x6efecdb6983a8285b93d4fc6414b3e537ace4444","N","N","","","NaN"
"æ–°å¹´å¿«ä¹","0xcee70215076a669b72ab0967783e56f6e6ea4444","N","N","","","NaN"
"è¹²","0x47d5293ddd4bf6b97db0417f0f6dff7a648e4444","N","N","","","NaN"
"è¹²","0xc747f55e8e1ded70a6f2f785079d764c58ff4444","N","N","","","NaN"
"ç¾å›½é©¬","0x6668de07c492f07df9c46d62c1028a3202bb4444","N","N","","","NaN"
"æ–°å¹´å¿«ä¹","0x53870b34359fcc88ed26dd0b3051eaff028e4444","N","N","","","NaN"
"ä¸–ç•Œä¹‰ä¹Œ","0xd487186c76a41472ea2caafdcfc8b3a1d86e4444","N","N","","","NaN"
"æˆé¾™","0x0818bc48d876edf0d5ac7c416efc21f183884444","N","N","","","NaN"
"ä¸–ç•Œè¶…å¸‚","0x72a11c7c41b739ebd2a1c6a209a075bc61ed4444","N","N","","","NaN"
"æ‹¨æµªé¼“","0x40755a2e490dc9b45952476a2f03a9d95c5a4444","N","N","","","NaN"
"TRUMP'S WORLD","0x2cc692634c25b195e4c6dfe1755323ed630d4444","N","N","","","NaN"
"æ”¾å±ç›´åˆ°æœˆäº®","0x6061565f5b53633324fbe8c697a50eb468424444","N","N","","","NaN"
"ä¸–ç•Œä¹‰ä¹Œã†—Íå›½å¹´","0x14aa03f7f1eb0694499318014998bc363f744444","N","N","","","NaN"
"ä¸–ç•Œä¹‰ä¹Œä¸­å›¯å¹´","0xd7a78f8a7ffa1bf318fb751262fcb7ea9ead4444","N","N","","","NaN"
"HUNTER","0x1e53ef968006f0d6356fff342be53d19a9d34444","N","N","","","NaN"
"æˆš","0xd098227db33cf0edccf2c0ae2d181380f4f74444","N","N","","","NaN"
"æŠ—å€­","0x7b671e4dbb2604f4b9a1fc7d025ab97753854444","N","N","","","NaN"
"ç‚¹çŸ³æˆé‡‘","0x5c9cc7e58e275add66362abeb9db885673f64444","N","N","","","NaN"
"æœºå™¨äººå­™æ‚Ÿç©º","0x0596c65511f57b206b9cc3b8156d383dda8c4444","N","N","","","NaN"
"ç‚¹çŸ³æˆé‡‘","0x1ea61a2f5a32db4d9c2aba048784b37972934444","N","N","","","NaN"
"ä¸‹æµ·","0x72d82a9541f646bc7dd62ececd16cda89e864444","N","N","","","NaN"
"ä¸‹æµ·","0x652a975ed375cf7f2319ca96ffd708d0e4724444","N","N","","","NaN"
"é“çš®é’è›™","0x64ef78617a546376cf493a54a780c1de44974444","N","N","","","NaN"
"ç‚¹çŸ³æˆé‡‘","0x769f035bc1fe8544a7adbd08b622314b59744444","N","N","","","NaN"
"ç‚¹çŸ³æˆé‡‘","0x851c7992bb2fb425c9d3ca5481f00cd86a404444","N","N","","","NaN"
"é¾™å”","0x414af9a3ab28a030c0daa9f36b99eba131614444","N","N","","","NaN"
"æµ·éªé©¬","0xe48b6faf36de4acae203b2e5b73444a9d74b4444","N","N","","","NaN"
"é©¬ä¸Šæš´å¯Œ","0x328fee113436bece847bd1a4d08883260fecffff","N","N","","","NaN"
"MOLTRATS","0x444409289cb38428d97c4abc309c4944b6a83fe3","N","N","","","NaN"
"Four Gole","0x73e71c68f10e8a2e8fbb3c65795648d25c90ffff","N","N","","","NaN"
"æµåŠ¨æ€§å‡åŠ","0xa1c416e4ca444b1cfbaf6b2d7884a0dfd0594444","N","N","","","NaN"
"gork","0x8ab5672cccf21424cea5c96d30dd250e43214444","N","N","","","NaN"
"æ¥è´¢","0xb64dd8ff02c19ca88a9c03258c822f65033b4444","N","N","","","NaN"
"handsome","0xf3f4642d10afafac555ce08fddc8e8d554e24444","N","N","","","NaN"
"æ¥è´¢","0x00cd7ce0153a2410b633106bee0ca95c69d44444","N","N","","","NaN"
"æŒ¥","0xd31f9e5fc78c741221c118bc050a4b0dc9f74444","N","N","","","NaN"
"æ¬¢å¤©å–œåœ°è¿æ˜¥æ™–","0xa586996c25b08adf153d13739e97df43b9df4444","N","N","","","NaN"
"ä¸€èµ·æŒ¥æ¥æ¢å®¶è¾‰","0x5fe38fdf5dbbd43dce9fdaa49233395b416b4444","N","N","","","NaN"
"fly","0x1ab662be65c3c618d4a9de14009253a33eca4444","N","N","","","NaN"
"ä¸€èµ·æŒ¥","0xf83bb89e69eb84e0ea1ba4a48225c4399b164444","N","N","","","NaN"
"æŒ¥","0xc19b8312da799822b10400abafacfac5c0a44444","N","N","","","NaN"
"æ¢å®¶è¾‰","0x544c5e9c84cff9e6ff3775c1193c62e4142e4444","N","N","","","NaN"
"ç¦æ¥","0x4bbf8350ac2c41ddd115b0909818f1e47e324444","N","N","","","NaN"
"å–œä¹‹éƒ","0xb948d5d2ad32f1223985819d1a1711d927304444","N","N","","","NaN"
"ç‹—çªå¹ä¸€å¹´çš„","0x45b33b7e38e596231240805d5a55ed00db8f4444","N","N","","","NaN"
"è¡€å‹è®¡","0x741595b5d2a08c901d7ce14ae63a9c232c8c4444","N","N","","","NaN"
"binance man","0xa15ff767b1729e46d210f9a0d4f92c0213954444","N","N","","","NaN"
"å¤§å·®ä¸å·®","0x286d9b1686b88bc054520ea4a90870ed6822ffff","N","N","","","NaN"
"é“¶æ²³æœºå™¨äºº","0xdcb23069b49f99901b11fa0272aff34ddf0cffff","N","N","","","NaN"
"CZHY","0x82007ff73806112e0371ab93fff000d4b1c14444","N","N","","","NaN"
"å¥½é›¨çŸ¥æ—¶èŠ‚","0x0009048d2d5d4396fc66972fa93dc703c6094444","N","N","","","NaN"
"ä¸€å§å¦¹å¦¹ï¼šäºŒå§","0x4e507be29aa75d6dc9689534b2eea2a848c44444","N","N","","","NaN"
"æ»¡å˜´é¡ºå£æºœä½ æƒ³è€ƒç ”å•Š","0x5d7f023656582c2304db3e9924fc202a63174444","N","N","","","NaN"
"å¥½é›¨çŸ¥æ—¶èŠ‚","0xbb1b00ef096d604706c76c39b9b11079f2a44444","N","N","","","NaN"
"å¥½é›¨çŸ¥æ—¶èŠ‚","0x8b0b178322a197f46a3ee6b2a2eced4503144444","N","N","","","NaN"
"å¥½é›¨çŸ¥æ—¶èŠ‚","0x229f74a038fac36c08173d9bb5113c4f335f4444","N","N","","","NaN"
"å¥½é›¨çŸ¥æ—¶èŠ‚","0xc6a2b067470d105179b303fedce467e730484444","N","N","","","NaN"
"è¿™æ˜¯4å—è¿™ä¸æ˜¯4","0x82cd32d449428b6f6dfc51c80e654274362d4444","N","N","","","NaN"
"é­ç‚®ä¸€å‘ é»„é‡‘ä¸‡ä¸¤","0x0665e83c9cfe4636c9c507135e9aacd119a6ffff","N","N","","","NaN"
"æ‰‹æ…¢æ— ","0x6f3b64a724f93b1b3c046b6a4862a272c1784444","N","N","","","NaN"
"tst","0xa3996b75c285e0182014aa9f99f773723bff4444","N","N","","","NaN"
"èµ›åšé½å¤©å¤§åœ£","0x20b7ce38165dc150f0973e6858f9cf6d47ea4444","N","N","","","NaN"
"é“¶æ²³æœºå™¨äºº","0x3e189a84465138b65cf8e809c82374061fc5ffff","Y","Y","0.00","5.98","88.9"
"å®å²›æ‹æ­Œ","0xcdc8384eb7b5fc2502e3ce12d4db238bdba94444","N","N","","","NaN"
"happy","0xe5f4eb4da20c77ebed4dffcdcd08eaf499254444","N","N","","","NaN"
"happy","0x2f008e96ec9cd249572976ffbbac6b8708764444","N","N","","","NaN"
"å¸®å€’å¿™","0x52169421eb693ebcbe691725fe923d2ca8a24444","N","N","","","NaN"
"YH","0xfaef5b4abb53caf81e1db191f6499c707b45ffff","N","N","","","NaN"
"Wokeflix","0xc638cf796c9389a987f3337f6f080ef67c684444","N","N","","","NaN"
"Wokeflix","0x248a31137d4a5d1447d48946fd32204054834444","N","N","","","NaN"
"é­”æ³•","0x8a8d8f0b1fcafc2710f93e441801bdae512e4444","N","N","","","NaN"
"æ¼”å‘˜","0xcfe690d83514fff8a7303875c86f9904d8744444","N","N","","","NaN"
"ç¶ è‰²æ˜¯è´å®¶","0x124ac3ddb8ff690edc1a53214e10ed09a3944444","N","N","","","NaN"
"1106","0xcaf8326dfecff57ab6b0085d8be1641b50d64444","N","N","","","NaN"
"ç¦é©¬","0x80cb963b0f4f056e3a52373c93d90cec83e0ffff","N","N","","","NaN"
"é»„è‰²æ—¶ä»£","0x311dc6e1ac0c6f6d2d1e34f379aac4b40ad34444","N","N","","","NaN"
"CTO","0x0545d83c0657af22a7e2c6ed20359b2cc2a74444","N","N","","","NaN"
"BTO","0xb4d63cd71a69cc43aee7196aa9ae953409e24444","N","N","","","NaN"
"ç™½äº‘è‹ç‹—","0x9d97c6c84e085dfba1f8dee1a14631e528314444","N","N","","","NaN"
"Hamster","0x26e8151f56903c1fb24a4cf4f6c0079115294444","N","N","","","NaN"
"çº¢è‰²éå¸ƒä¸–ç•Œ","0x4ad5b1f5e5f622909b5c60f9cbfdb827808c4444","N","N","","","NaN"
"å±é™©æ—¶ä»£","0xd896ba1a9d4310856837b56ef6c49c332b154444","N","N","","","NaN"
"Hampton","0x16338fb60f61e5df17fe279de878fb5f73cc4444","N","N","","","NaN"
"ç«å¸ƒå¸ƒ","0xfe6f97ca8b3554ede57a1faa0cc815f3a42f4444","N","N","","","NaN"
"æˆ‘æœ€éš¾å¿˜çš„ä»Šæµ‡","0xae57cfa7ec75ac6bd4cf5762f6469136799d4444","N","N","","","NaN"
"ç¨»è‰å¸ƒå¸ƒ","0xc559921252b7ec21faf8ba7024ef094a9f5b4444","N","N","","","NaN"
"æˆä¸ºè‡ªå·±çš„å…‰","0x9c3e2490a5a4c79e09ffed6109330ffebc1d4444","N","N","","","NaN"
"æˆ‘æˆä¸ºè‡ªå·±çš„å…‰ç‚¹äº®æœªæ¥","0x444d7ec4590ed2f384d2988e135572363e4e4444","N","N","","","NaN"
"é©¬å¹´å¥”è…¾","0x895ba91b67715d72e64f9a93fd7190e95c4b4444","N","N","","","NaN"
"é©¬å¹´å¥”è…¾","0xcc198c68065ed7c5da8808c0de07713c79964444","N","N","","","NaN"
"M","0xd843837414a500fcfb2e0ddae7b42e35f7c4ffff","N","N","","","NaN"
"é©¬å°”ç¦","0xdffa9123c610ba6a8abc000c81955cebc2eeffff","N","N","","","NaN"
"CZå¿«ä¹","0x74c4b9c75b1b2116d5e4ab957ec61ced6774ffff","N","N","","","NaN"
"è¡€å‹","0x68287859799e932bcb1a23f19f912ddb4e6b4444","N","N","","","NaN"
"ä½æ¯”é«˜è¿˜å“äºº","0x29173051e8d30e4d22067f1979efc4fae7ae4444","N","N","","","NaN"
"æ˜¥æ™šæ˜Ÿå…‰","0xeb527186d097bd654245cd9486f64cdd1ab24444","N","N","","","NaN"
"galbot","0x7ed663d7f78047d9c2c574a58ce1eee22ffeffff","N","N","","","NaN"
"å•æªåŒ¹é©¬ ä¸‡é©¬å¥”è…¾","0x5724cfb962deee4efc811e82db9252f6c779ffff","N","N","","","NaN"
"é©¬","0xcbe8c255c339be2071b24d43ae38c947c2ae4444","N","N","","","NaN"
"æ˜¥æ™šå†…å¹•","0x9ecf8e11bd07942a1a4bc2bc0a0e4d034fa34444","N","N","","","NaN"
"ä½ æŠŠè¿™ä¸ªå­—è®°ä¸€ä¸‹ ä¸‹æ¬¡å¼€ä¸æ­£ç¡®ç¬‘ä½ å“¦","0xb23d33bac1169ed22805f52d9749be7811914444","N","N","","","NaN"
"æœºæ›¿äººæ˜¥æ™š","0x56bedf1b25e257a8fc1a238c0e6ac8f5e7b14444","N","N","","","NaN"
"å¤„å†³","0xb5810c4138e73b347c84f22d13cb473976924444","N","N","","","NaN"
"å†°é©¬éœ‡","0x52aefa5485fa9cf55baa22b4e81832f856aa4444","N","N","","","NaN"
"MEMEDOGE","0xa620298bfc3c3cbb388d9ddf7295408991004444","N","N","","","NaN"
"é‡‘é©¬è¹„","0xcf65dfc1bbcb4363d941a2437d3313d9f38d4444","N","N","","","NaN"
"ç§ƒé¡¶","0xcf104a2cb6de4fb8ee082781da4f77a4bba24444","N","N","","","NaN"
"é©¬ä½©ä½©","0x98709ba21611d8ce29f353596fd9a18ecaad4444","N","N","","","NaN"
"ä½©ä½©é©¬","0xb8163718c03354bc5a25e0e1c06a97aa91fb4444","N","N","","","NaN"
"BOHE","0x01e758041e97ccc0c6b13e43df3b1442fc0d4444","N","N","","","NaN"
"å®é©¬","0xf1038a9ec23f8d56cd595f387e27f97506b84444","N","N","","","NaN"
"è¸é©¬","0xcab299b07aed4d31cc4dfc02e86bfc93e8fd4444","N","N","","","NaN"
"HOME","0xa454fb04836d9ebbb823d2df27e10d52f3b14444","N","N","","","NaN"
"ä»¥ä½•ä¸ºè´µ","0xf63a7f4a30d68814bcde1ac0c266e72392734444","N","N","","","NaN"
"å°é©¬ä½©éª‘","0xbc4a624d6881d5a3318ed2d5150c5e6f760e4444","N","N","","","NaN"
"ä½©éª‘","0xfff1a9cce4824b12deed613b3c71fb89c9ac4444","N","N","","","NaN"
"å†œé©¬","0x6d21e9d2ce0dfc54d567d04adafd68a8704b4444","N","N","","","NaN"
"æ³µCEOçŠ¯ç½ªl","0x5e4949f939fb5fc284194b9272c618105fd44444","N","N","","","NaN"
"ä½©éª‘","0xaa0672b56468c6f604521d0278211bd4fc5a4444","N","N","","","NaN"
"hope","0xf02cee46cf835b2a4acbce397472361fd7b74444","N","N","","","NaN"
"é©¬ä½©çŒª","0x65062b6e3b725d89d771148d0c7822c5ab7e4444","N","N","","","NaN"
"houseking","0x787b3fd88f28d5521164dbb4d5a3396cf8854444","N","N","","","NaN"
"OKX","0x9f88fc569e1641e896708a2d4eac698850254444","N","N","","","NaN"
"BOKX","0x5a5f7ab8b2bfe3e7eab4f93ee44145beca6f4444","N","N","","","NaN"
"åˆ†å¿ƒé©¬","0x5fd7d77bfcb5badcc0ef233ffc69ae9c2c274444","Y","N","0.00","40.46","33.3"
"åˆ†å¿ƒé©¬","0x229616e232a7bf2827e265bb345fb3d934bb4444","N","N","","","NaN"
"Distracted Horse","0x0202d3dc68d5f5565eea8de06b241e436e7d4444","N","N","","","NaN"
"horsePei","0xd15b9f97170780e33534ffea5bd3a61402224444","N","N","","","NaN"
"é©¬è´¢ç¥","0x089161c69ecc1dd3c927467256459aa646064444","N","N","","","NaN"
"BKX","0x56cfe888212f1b3990f7649a1756726f5aff4444","N","N","","","NaN"
"GEORGE","0x08338396767b8626490540cff87beadbb6794444","N","N","","","NaN"
"ä¸€é˜³ç—£","0xdf341f9b70c7d5fbbe99944d078d06e54d414444","N","N","","","NaN"
"å¥¶ç‹—","0x2c89b68b90fca10df7d0c50a316ea26fce094444","N","N","","","NaN"
"BOKX","0x842d4a22bacb2f19b0432f597685dd159d9f4444","N","N","","","NaN"
"å¤ªç©ºé¥ºå­","0x138c15c6a8da7d64ceff12669ec95280294a4444","N","N","","","NaN"
"åˆ†å¿ƒé©¬","0x7dc872b0faa96425e7588965f0c0aaa3c1054444","N","N","","","NaN"
"HORSEæ”ä¾†","0xa7d24231c36054792bc8f1a12244c3b49fd24444","N","N","","","NaN"
"å¾·æ‹‰ç§‘","0x69ce8edac9c3fb65baf44de71a2dfb2dab354444","N","N","","","NaN"
"é©¬ä½©ä½©","0xe4bc689846fd025828835dd576bcc798650b4444","N","N","","","NaN"
"æ”ä¾†","0xde7e1e765e8cb67b6c7d0609f6c79c0094914444","N","N","","","NaN"
"é©¬è¯­è€…","0x99e24b6aa791e8b505892fb85e1c21f651bb4444","N","N","","","NaN"
"é©¬è¯­è€…","0x379c41b8aec4b466c384b4190befb30b3afe4444","N","N","","","NaN"
"é©¬è¯­è€…","0xe88ccf2863167dc7d78dd1e4f4e623ea3a754444","N","N","","","NaN"
"hehe","0xdf8870c3191b9e384eb9857c58a4243b8b9d4444","N","N","","","NaN"
"æ— æ¯›","0x76385bdf470b8d0164c345b9c969570fb2b24444","N","N","","","NaN"
"é©¬å¾—å‘","0x9bed2d625f2505cebf901866398309f6c1e34444","N","N","","","NaN"
"å®å®å½“","0xfbc51250f24ed5afd043d017f70c1d601a774444","N","N","","","NaN"
"hehe","0x48ee086f71fdbe23d18ab76268e88548468d4444","N","N","","","NaN"
"1","0xe3f1dd04dbb6e31b884dd71c25cc74c263074444","N","N","","","NaN"
"çµ","0x142281b943de214a528f340df02c3ecf90984444","N","N","","","NaN"
"çº¢é¬ƒé©¬","0x23f00cbe1f37d6e02563514d9e693be29e1e4444","N","N","","","NaN"
"BNBrew","0xcd6440e503bf29e737ca87d527cf32d058274444","N","N","","","NaN"
"BOMA","0x3bac2c6a45ef079119e71aaad2cb9f01f81e4444","N","N","","","NaN"
"æ˜¥æ™šè¿›å…¥åƒåœ¾æ—¶é—´","0xcf4dc6e03bc9f0f025b7e5aa88a11275bee54444","N","N","","","NaN"
"æ’’è´å®çš„çœ‰æ¯›","0x5eeaa43736f3fc5ec8afce3a9c81b49451b74444","N","N","","","NaN"
"TTTTEST","0x5686c6e47d68236cd143ac74d4d1f5c41de34444","N","N","","","NaN"
"è±ªæ–¯ä½©ä½©","0x63a13ece08d2e91ca14aa6f965223c2f24684444","N","N","","","NaN"
"çœŸè¸é©¬ä¸‘","0x341dc5115c381f82305d588aad62d833487e4444","N","N","","","NaN"
"BOMA","0x1eba853d9863d931d31bca69f7c9147f03b94444","N","N","","","NaN"
"é©¬å†…è¿›é—¨","0xd114efaf29b67bb780a5e0184bff4c1449044444","N","N","","","NaN"
"ç§‘æŠ€é€ ç¦","0xe81ccafa94042fd31747ec8a61e1576903d24444","N","N","","","NaN"
"ä¿®è½¦ä½©ä½©","0x2b87168d8a9abcc5f28c0ec17a3a61751b314444","N","N","","","NaN"
"ä¸‘ä¸‘é©¬","0x5250dbe04ec95604f99d163dfbc9a4e4abea4444","N","N","","","NaN"
"ç«ç®­","0xe5cb62b677dc43d4ff344da709d1669e1c6e4444","N","N","","","NaN"
"é©´å­é€é¤","0xe71734e0fe2c4c4d459680a0abaef4031e2d4444","N","N","","","NaN"
"é©¬äº†ä¸ª","0x3745f56bf4ffb79037e5b14ebfc063b2085effff","Y","N","0.00","2.41","11.1"
"Spiki","0x0c5732109d6ae2e45e01fd2861999c44787d4444","N","N","","","NaN"
"SpaceXé¾™é£èˆ¹","0xf13e2c011f752aeb1a9e22d8e871bc88fa7f4444","N","N","","","NaN"
"ç«ç®­","0x1d02f52e17db26d28bc64050445c5d8db53b4444","N","N","","","NaN"
"é¾™é£èˆ¹","0x42fd4ebd8ce98ef7f295b6754191aee636334444","N","N","","","NaN"
"BR","0xe9d1ac735d13d7f465584c297874a39ffef74444","N","N","","","NaN"
"ä»¿ç”Ÿè”¡æ˜","0x00c366d36416781128e48ed30cdfc1deddc84444","N","N","","","NaN"
"æˆ‘è¸é©¬åˆæ¥äº†","0xc1fcf1d5c7754c76391eb774889b435cf6994444","N","N","","","NaN"
"LABUBU","0x7a488377c6f52d69467b0c4e6780469217184444","N","N","","","NaN"
"ç”±FVIRUSåˆ›é€ ","0x879e79a80cb38ea8eb656d6f21f3a566f55b4444","N","N","","","NaN"
"èµ¤å…”é©¬","0x017867680f94c6bfba0a3a139cdf3e635c334444","N","N","","","NaN"
"å¾·æ‹‰ç§‘","0xd771b8e89ea0f920dfb29c6f520d23c073184444","N","N","","","NaN"
"ç¬¬ä¸€é“é˜²å¾¡æœºåˆ¶","0xdda20263d3833b556d99938aa7f8a720b17e4444","N","N","","","NaN"
"è£‚å˜ç—…æ¯’","0x0adcbaf12b3a3f24895503b2dd86b27e79724444","N","N","","","NaN"
"sima","0xc5c1a381dc2c2b5f64c68c30734225d17cb64444","N","N","","","NaN"
"æ²¡æœ‰ä»€ä¹ˆ","0xda4e95ea3175829bec31b6428fc2c68311c8ffff","N","N","","","NaN"
"è¿‡å¹´å¥½","0x37b7945496acb18c11fd5f76debd09494a394444","N","N","","","NaN"
"ä¸™åˆ","0x37a2b9f03efb8c63d1fbc0baae42e77f129b4444","N","N","","","NaN"
"1","0xfef01c747080380ea5fd6ee21c39b3004ed44444","N","N","","","NaN"
"2026ç¬¬ä¸€ä¸ªå¸","0xeebc35a9d5b44fecae787feec0ed7aaf90334444","N","N","","","NaN"
"è¡¨å“¥è¿‡å¹´å¥½","0xa712f7f51432a549a4bd2e68fba836f373afffff","N","N","","","NaN"
"æ–°å¹´å¿«ä¹","0xb11f28e52154e94ebb2adc5f5bdea704b2df4444","N","N","","","NaN"
"å‘å‘å‘","0x7cee664607eaaba7b5ae268bda2d8949e4a24444","N","N","","","NaN"
"é©¬å¹´å¤§å‰","0x36d5d8b1a9d870c42c16459e882003a8df704444","N","N","","","NaN"
"1","0xdf74cde01cac86cd48383169343e5b41a3e04444","N","N","","","NaN"
"ä¸™åˆ","0xd1e8a19110f606a73af535ff4fc0bc98c0ac4444","N","N","","","NaN"
"å‘å‘å‘","0xa7af8d0073b64796ad089337aee2d3d5b76b4444","N","N","","","NaN"
"æ–°å¹´å¿«ä¹","0x149596d8f212c7cf9c951d707e4cddd5410b4444","N","N","","","NaN"
"é©¬è¸æ–°å¹´","0x6dc66f5e64d58c6e7852e56a893143fee6d34444","N","N","","","NaN"
"ç‹—ç‹","0xac307d3936fe733e74963b48250a96653801ffff","N","N","","","NaN"
"é­ç‚®","0x5375c943740047f9b377ec6b88f748d67bfc4444","N","N","","","NaN"
"é©¬è¸ç¥¥å…‰","0xe221935405a2265ea2a7f5c0b7c8ac2971344444","N","N","","","NaN"
"è´¢æºæ»šæ»š","0x04b5dcf288891e53dbf9aa6df0b8f18cdac2ffff","N","N","","","NaN"
"é©¬å¹´ç¬¬ä¸€å¸","0xd73ebef1cd3af63b6c95676e8940aeb395584444","N","N","","","NaN"
"ç¦","0x1cd6fb04760305c45fa84d3cd67696bb9f784444","N","N","","","NaN"
"6","0x702e060077959bfe08d29e113ffd5ae2dd2a4444","N","N","","","NaN"
"ä¸™åˆ","0xc8de597173423b01998343c6ff1bd5073524ffff","Y","N","0.00","33.40","11.1"
"æ–°å¹´å¿«ä¹","0xfe390b7023f125a18fb6343f8d770fececc44444","N","N","","","NaN"
"ä»Šå¤•æœˆåœ†å¸ç›ˆäººå®‰","0x7a32a441075523107d8ebfd69c18e8ff93714444","N","N","","","NaN"
"æ–°å¹´å¿«ä¹","0x901c34fd61e1a208c5bdcf5820d5256637624444","N","N","","","NaN"
"æ–°å¹´å¿«ä¹","0x7f7a3bfca962ef75acd44cb74a21b4a29a354444","N","N","","","NaN"
"ç¦","0xc114b0ee562aa73e3daca096571e022c803b4444","N","N","","","NaN"
"é©¬æ‹‰ä¸ªå¸","0x13ce8f3ad3b185fdebd29b0c2a21270b50484444","N","N","","","NaN"
"é©¬å¹´å¤§å‰","0xd00cd399268dd3e278fd70c27b04e9e249904444","N","N","","","NaN"
"èµšå–","0x5ba56f3b1c6fbdf3a34332584f116754f3d94444","N","N","","","NaN"
"å…‹ç½—çš®","0x291c2481a654d28fa90fb1fecc1daac4b0d84444","N","N","","","NaN"
"æ­¦BOT","0x2066ed9e2da458a03ea6c92d540a75c5c426ffff","N","N","","","NaN"
"MOONISH","0x132cc3a1a6989c4248294d75d39aa10337794444","N","N","","","NaN"
"çš„å¢","0x052ab458092b08fbc21763ecc1a224f576a44444","N","N","","","NaN"
"ç™½é©¬","0xa98ee2e7c39a1a38a09d9c6b44333586c28c4444","N","N","","","NaN"
"ä»¥æ¢¦ä¸ºé©¬","0xdbd40e0a35a6fee463eabf718d46cf71016f4444","N","N","","","NaN"
"åŒ…ä½ æ»¡æ„","0x1ebb54bfad77ae7f0400f59b267ac59f9eff4444","N","N","","","NaN"
"ç™½é©¬","0xf24ba91d10b21a61de21140cdb10029b3b7d4444","N","N","","","NaN"
"åŒ…ä½ æ»¡æ„","0xa35890bce9e7e146f2fa09eb6d7d5dc2032f4444","N","N","","","NaN"
"å¹´å‘³æ— ","0xb5c83a1c532f78bbb07c35b97890f68acfda4444","N","N","","","NaN"
"é¾™é©¬ç²¾ç¥","0x97e1e85d9eb869f665456cba65442d7390794444","N","N","","","NaN"
"è¿‡äº†ä»Šæ™šæƒ³ç©·éƒ½éš¾","0x81b54d1a1496782549fd1950e68cd43154ee4444","N","N","","","NaN"
"ä¸‡é©¬å¥”è…¾","0x05065ad2726737a603f9958edfe56f5191b34444","N","N","","","NaN"
"ĞºĞ¾Ñ‚","0xc8738c6344304e48b441f461f38eae272fa54444","N","N","","","NaN"
"LMJS","0x61447f308cea4a853913510fc34348340b4e4444","N","N","","","NaN"
"æŠ é—¨å°æ’’","0x94ad604cfdb0b4184ba85808b1adf9e73f974444","N","N","","","NaN"
"é€—åŒ…","0x0448124bd821f05540efc00d952fc9f19c5b4444","N","N","","","NaN"
"è±†åŒ…è±†åŒ…å¥½è¿éƒ½åŒ…","0xaab7eae4210a7557bc04ee1552c2457caa884444","N","N","","","NaN"
"è±†åŒ…è±†åŒ…å¥½è¿è±†åŒ…","0x49e804f52ce3e02dcf791dd3d54b9d312cbf4444","N","N","","","NaN"
"åŒ…å‰ç¥¥åŒ…çº¢ç«åŒ…ç¦æ°”éƒ½æ¥åˆ°","0x1b02b187ca5999ddf76af6da8942e6ffe0764444","N","N","","","NaN"
"å¥½è¿éƒ½åŒ…","0x22af30bd7cb8579c4e4851e67bec3aa01b934444","N","N","","","NaN"
"AGIBOT","0xf5bad7c9bf9af63bf08ee9ec7eb047a035fe4444","N","N","","","NaN"
"Horseå‘ç”Ÿ","0x0bd3ab609f0831cb65d2bfb696dca68d027f4444","N","N","","","NaN"
"Scalp","0xe6a30ce23397c4b6b419d4134f59cfade65e4444","N","N","","","NaN"
"é©¬åˆ°æˆåŠŸ","0x3feddc60e7f0dd3867eefd0b9d43b6b9cb0d4444","N","N","","","NaN"
"å›¢åœ†çº¢åŒ…","0x22e5d362ec2da91b594ddb07d654106d77704444","N","N","","","NaN"
"é©¬å¹´è¡Œå¤§è¿","0x92d2a6556d52ed0bd1dc5af8195b9761770b4444","N","N","","","NaN"
"2026","0xd6ace0afe83998190529ce05a307452efe4d4444","N","N","","","NaN"
"å…«éªå›¾","0x92bbfd6c36c69548d4bbcc9e61a77cc18f274444","N","N","","","NaN"
"æ©˜è‰²å¤§å€‹å­","0x4c10a3dcd945af390fab888101be6aead3374444","N","N","","","NaN"
"æ‹œå¹´","0x9a99bb00475532ac8dfce2b3951fff5e895f4444","N","N","","","NaN"
"BRITAIN","0x70e3cad61199bd6e8a493a070efcd5892ad04444","N","N","","","NaN"
"æ®¿ãã‚“","0x2069a45ac49a44ba2434cee399aebfaf85314444","N","N","","","NaN"
"æ’’å­é©¬","0x87e32e14663dc7de672d60c4fea9df9985714444","N","N","","","NaN"
"æ’’çªé©¬","0xc63c44266721f82e78d85bba923024c5ea444444","N","N","","","NaN"
"æ’’é©¬ç‰¹","0x289110326a0e1fdcf3bcf284055b100263ea4444","N","N","","","NaN"
"æ’’é©¬","0xd30d849ebd3b9993ac4490dc838bbea689b24444","N","N","","","NaN"
"æ’’è´é©¬","0xe6e5ec44067d91ed9f0d7137d489ff1650feffff","N","N","","","NaN"
"é©¬æ–¯å…‹","0xdbc1a1b59cbd4e1e131fb7dce57687d8e79f4444","N","N","","","NaN"
"GFFFM","0x78ac3475c6b35178ef6966323f18c6fe8cb14444","N","N","","","NaN"
"é©¬æ–¯å…‹","0x204f3f4443738ac962cd9fffc3b6e648e87e4444","N","N","","","NaN"
"SOL888","0xcbd8a6ec21d63499888433ab039622c7206fffff","N","N","","","NaN"
"Mohamed","0x263376e3453cbdf14d936b91ddd11efeb0404444","N","N","","","NaN"
"Yi Long Ma","0x887e614f34e5f1f851d1bc5f6655a8da7a854444","N","N","","","NaN"
"æ ¼è°ƒ","0x8f099d3bd9eaf4468d88c81d31cfd7364ce84444","N","N","","","NaN"
"æ˜¥æ™šæœ‰æ ¼è°ƒäº†","0x78b20bd02f4eff6bd1168b4ce3dc1d04e58e4444","N","N","","","NaN"
"Artemics","0xdf8aa4dbc35c9cd04b793d74d878dc56639c4444","N","N","","","NaN"
"FWOG","0x8d9425c11ef31d457c2b89a9c3796be6c00f4444","N","N","","","NaN"
"Long Binance","0x05f1a3a466cdcc0be7d37927075b31fd52f64444","N","N","","","NaN"
"MMDAO","0x4b7d934d8725f9fc4c74a8ebdffdb65eff244444","N","N","","","NaN"
"ç™¾åˆ†ä¹‹10è¿”ç° è®°å¾—å»é¢†æ‰‹ç»­è´¹","0xaedaa7279eada9ba7d4281fdf6f4be2524864444","N","N","","","NaN"
"é˜´èŒé—¨","0x486cb4e8bb8880d65ec55eb207d0d77471184444","N","N","","","NaN"
"ä¸™åˆ","0xea9906469091e8fddb2a71adfb582906c9464444","N","N","","","NaN"
"GLHFDD","0x825efa1e3ac382d8130508e14f2cefd78a544444","N","N","","","NaN"
"æ­å–œå‘è´¢","0xadd1fac03fa2705c3d2086fc742ee5aad84c4444","N","N","","","NaN"
"DONT","0x398d6125d766f45dda00dad09e3241f450654444","N","N","","","NaN"
"1BNB","0x5c6157c0a5e5f327caa1f783b084b92d298f4444","N","N","","","NaN"
"1BNB","0x6da6a9af01114b188f20647ab031aec678224444","N","N","","","NaN"
"æ‰‹æ¡å¸å®‰æ‘˜æ˜Ÿè¾°","0x769cde2abdc7e1bedac570d590ed19ca27794444","N","N","","","NaN"
"ä¸é€æ˜æ‰‹","0xd3069e0ceb43d7f87fc3c7cc64991f0e3cc24444","N","N","","","NaN"
"1BNB","0x1e4a2396b8906071af322791b24281b6a64e4444","N","N","","","NaN"
"tap","0xc88858daef8aee2de3fd937b8759646f89ec4444","N","N","","","NaN"
"bodl","0x7de7c732703fbce23545729729fb84e9f8544444","N","N","","","NaN"
"å¹£å®‰æ‰‹","0xc9eba62286938af2c8b534aff53e4d30de4c4444","N","N","","","NaN"
"TAP","0xe79a78b580c4ce12eada43d1fe51b554e5174444","N","N","","","NaN"
"HODL","0xe5d9408eb5723c4a334eb6b76fa2589b019e4444","N","N","","","NaN"
"ä¸œè¥¿","0x5de9a316a3037345e92c445d71811ed98f8d4444","N","N","","","NaN"
"BH","0xadfb9af65c05dbede3a28bb73d7214552a104444","N","N","","","NaN"
"1","0x64daa4182cf26d6581c487e680d0c1b00c494444","N","N","","","NaN"
"ä»Šæ™šäºéº»äº†","0x1d5d9f5da7574b1f13c0ea301ed5456dee0e4444","N","N","","","NaN"
"å¸å®‰ä¹‹å¿ƒ","0x7cd745b8cc0ddeca791c2e191551a6a89faf4444","N","N","","","NaN"
"å¸å®‰åœ¨æ‰‹å¤©ä¸‹æˆ‘æœ‰","0xc64167eb01bc46afc5db454f196c0cedf2c84444","N","N","","","NaN"
"Don't","0x5b0cdbace90b83e8ebf4d97a4f776c0a449d4444","Y","N","0.00","36.30","22.2"
"é©¬å¹´å¿…å®šA9","0x0c7cb7c776cc7e4b37d49d574ecd05299c9b4444","N","N","","","NaN"
"çƒŸèŠ±çˆ†ç«¹","0xe3ec2423ce9d6b9849eaa362e33ad633f5664444","N","N","","","NaN"
"ç‰¹æœ—æ™®åŠŸå¤«","0x58e25fb653692e55c9777fe0809fb4861b924444","N","N","","","NaN"
"åƒé‡Œé©¬","0xfd82c0e809679c36ec48b8696cc9528a86404444","N","N","","","NaN"
"åƒé‡Œé©¬","0x78175b50533ede0f750c6358659feccecb9e4444","N","N","","","NaN"
"å®‡æ ‘æœºå™¨äºº","0xa7026c3727c1abfb5b2df4efbca1e00c70be4444","Y","N","0.00","8.59","11.1"
"FAA","0xfa1fcbadbafe18ae6a69e853ac80d1784b1b4444","N","N","","","NaN"
"Bongo","0x1f43ada3e930652f4d11bbb2732a6ec6c0f54444","N","N","","","NaN"
"HORS","0x361fd823dd3ec6d951a5d27a47fb18ef2d684444","N","N","","","NaN"
"é©¬å¹´","0x520e3b6063a2196128f1bcf67c0643e354784444","N","N","","","NaN"
"HORSE","0xe37318feb2cb94a10efd9a585779de5cd7a74444","N","N","","","NaN"
"Max åœ¨é©¬èƒŒä¸Š","0xfa36795977ce61ff4e69b434fbd511cf0a1d4444","N","N","","","NaN"
"é©¬å¹´åˆ°å’¯å’¯ç¬‘","0x52f8f3b95e2e81c474a352a989bb961153814444","N","N","","","NaN"
"SMOL","0x983b0bc79a7c716c4784f1e7359a008a0451ffff","N","N","","","NaN"
"é‡‘é©¬","0xb7ed328a279026146d364bc5ef058c64f9434444","N","N","","","NaN"
"æ¯æ ‘å¼€èŠ±","0x9bfe838f53828fe86f4a98dd56e8775a34c24444","N","N","","","NaN"
"æ¡ƒå­å‘¼å–š","0xc513f4eea0791e9d40f74d29b8b4805e1e454444","N","N","","","NaN"
"POTUS","0x091cd034367f2c51852e798ffaa7cde135184444","N","N","","","NaN"
"å¿«ä¹å°é©¬","0x0f21f6aa5a0ad6d238c817019b6c793b72194444","N","N","","","NaN"
"æ¢­å“ˆé©¬å¹´å¤§é‡‘ç‹—","0xb356a98ca22b66d421c06cc3822d8b196d80ffff","N","N","","","NaN"
"é¾™é©¬ç²¾ç¥ï¼Œé©¬åˆ°æˆåŠŸ","0xe212e838e42f1c0ba452d27d57c2093657834444","N","N","","","NaN"
"è¥¿æ³•æ‰","0xbcc71c73a5f92db23559d02beeb81d26962a4444","N","N","","","NaN"
"å¿«ä¹å°é©¬","0x3ee11ae84c464f3998f672fb326effc05ebe4444","Y","Y","0.00","10.30","88.9"
"Pic inside the house","0xd48054495d3fd18b7e4fa518aaf92adca9b54444","N","N","","","NaN"
"MOMO","0x2cbc0bc5581b6ff4d46f415f02bff29efbe94444","Y","Y","0.00","98.88","66.7"
"easyclaw","0x26ca458caabd8d0782e650da7b6f5d8889794444","N","N","","","NaN"
"MOMO","0xfdd085aeec39e6474c6564416ca8d0feb8214444","Y","N","0.00","5.82","44.4"
"æ‹›è´¢é©¬","0x2e0f3d32420b67f0c0b08272cad9772248ae4444","Y","N","0.00","43.45","33.3"
"CGC","0x4ac1f45e14b128ca4859d5176f13b7e00e714444","N","N","","","NaN"
"shiyo","0xc65e0825a7b0b560fa4dc84e4a044c49cc2a4444","N","N","","","NaN"
"MOMO","0xd6e23b3c325fb96a5c4b974013a4c526ee9b4444","N","N","","","NaN"
"BDAG","0x8f700947c1d89275b90c6b4c6008cb85ffcd4444","N","N","","","NaN"
"TFC","0x3747bb9e9c54a5b28d225560c449508efcc14444","N","N","","","NaN"
"å¥¶å¥¶çš„æœ€çˆ±","0x2406d1001f666ff7ac3e3f028839baa6c8674444","N","N","","","NaN"
"BADRUDI","0x42513ebbab3b3dbd801511fd457cb2a7eb124444","N","N","","","NaN"
"GOLDENHORSEé‡‘é©¬","0x0f9f4f8aa4541eafa1ab6149f142cbfde42e4444","Y","Y","0.00","8.02","66.7"
"å¿«ä¹å°é©¬","0xebfccc6246c5f179c4442c4d8ff5f3e002114444","N","N","","","NaN"
"COSMOS","0x0aaad4ecf53613670de96ad51291887e39884444","N","N","","","NaN"
"å¿«ä¹å°é©¬","0xaf7c9fd007c80623bfc6deec29210c75f00effff","N","N","","","NaN"
"GADSDEN","0x75d8ef77aaab3f101a1dd1af6a1dc6c636e54444","N","N","","","NaN"
"ä½ å¿«ä¹é©¬","0x16c9405ef6b25d64344506df204e9011f33fffff","N","N","","","NaN"
"Cecil","0x45364342852cc51dea24303dae78caf1cb7c4444","N","N","","","NaN"
"æ¨¡å› ","0x7e0f5e0e1be4e72803b00cccb28862b50a3d4444","N","N","","","NaN"
"å¥¶å¥¶çš„æœ€çˆ±","0xadaf5f8bc6db3750108f1c69435d12d2e5c34444","N","N","","","NaN"
"ä¸™åˆ","0x298d6e95a023d715f59a22cb9b32ea1caed34444","N","N","","","NaN"
"XAI","0x44446965c8cd2a279f6a499d4f5bf302cfc2258d","N","N","","","NaN"
"stars","0x251f215d83422772fbfc8a7977dc2334b05b4444","N","N","","","NaN"
"æ•¦ç…Œç¥é©¬","0x4f6b5e4a8fbbeb6ccd13b883017fb9aec7b9ffff","N","N","","","NaN"
"KNUCKLES","0x4444c702ddcd67ca4dfadc14b0fc8d98a49cd154","N","N","","","NaN"
"SHX","0x97ab310ce70229190d4fd19a6310f398440a4444","N","N","","","NaN"
"older","0x44444b9d8497a71d407b4c637425a3b9795efd41","N","N","","","NaN"
"WAVE","0xb2bc30e039199c018455bb3220b6d69d505effff","N","N","","","NaN"
"4","0xcf64a09ece3a7c653a16c338c7188a0b2780ffff","N","N","","","NaN"
"é¸¡æ°”äºº","0xafa19c73c841290ef0ce52f0ef1c17f8ee364444","N","N","","","NaN"
"æ¨¡å› ","0x5272aaa05582bd7d2775fa856f95d8b6c0844444","N","N","","","NaN"
"NELVA","0x85d608ae7c3c0eb69b0d7ca0d4fc4d4f65824444","N","N","","","NaN"
"HELLO ARTHUR","0x7aca40598566691580f7cbb1217cecc39356ffff","N","N","","","NaN"
"QUBY NY","0x37d99cfb97e976bb2d12d473f344e34b2d52ffff","N","N","","","NaN"
"NELVA","0xfcf7c1f56ec3636e8ad7b50963fd4e91285f4444","N","N","","","NaN"
"Dogs","0x741fd62e0ad26bb0b6a037f3343fcf2bf0444444","Y","Y","0.00","34.97","55.6"
"BUSD1","0xdf14c5f7159105731ca1d019aefa9a395d2b4444","N","N","","","NaN"
"æ–°å¹´å¿«ä¹","0xac7440e3d7566e27ae7e583370165bc5aad8ffff","Y","N","0.00","11.02","33.3"
"PUNCH","0x98fe75701f8bf4f12f98bc8e7e8e8ceff3584444","N","N","","","NaN"
"å¿ƒå¸å®‰","0xb0bc45f2447b73c18fcc89671f1042f284494444","N","N","","","NaN"
"BNBHEART","0xe7703bc7360e0cf02056a2ef2732130e598b4444","N","N","","","NaN"
"ONLINE","0xa88f9ddeab7b1d16598b06485d11e853f5d94444","N","N","","","NaN"
"å¿ƒè„çŠ¶æ€åœ¨çº¿","0xfa8c2219d6f97729a4b509316e7d10b4580f4444","N","N","","","NaN"
"Heart status online","0xcc4272f29485b4f14177b28a09ff2bcbb82b4444","N","N","","","NaN"
"AVA","0x1305f177132106966773274072504c842b464444","N","N","","","NaN"
"ç¦ç¦å¸","0x89432afe22262bb4c29fcb7366359807872cffff","N","N","","","NaN"
"remember","0x4444deb2ff2fd770947169cf5d65462846185741","N","N","","","NaN"
"ä¿¡æˆ‘ä¸€æ³¢","0xccd87b4769d063f5aa6c2d31449ce45a82564444","N","N","","","NaN"
"æ˜¥æ˜å¸","0x9ab45057dd9d9472b4e8a9224551de26de84ffff","N","N","","","NaN"
"AVA","0x7c2856e0f530096e594dbf7bbb4976b9aafe4444","Y","N","0.00","15.46","44.4"
"Egod","0x49f0b3bbc55cc5de1d95f8916c23ed2cf1f44444","Y","N","0.00","9.84","33.3"
"ç»´åŸºå¸å›½","0x2e5c36b5882e05091aa2376dde3eaede4ccaffff","N","N","","","NaN"
"Weiji Empire","0x2408474f68a9c525b622fe279947f0dc0f99ffff","N","N","","","NaN"
"æ˜¥æ˜å¸","0xbbf4bf4d4a49f44d3db7069e7bf79506b669ffff","N","N","","","NaN"
"EGOD","0xce302fcd387ae38952aab00008338cd3323a4444","Y","N","0.00","0.38","11.1"
"QUBY","0x35116307a5111582b7ba6c40c664f0040724ffff","N","N","","","NaN"
"2006å¹´æ¨ç‰¹å¤§çˆ†ç™¼","0xd3221f44e27c78b69829bde0d3bfa56e648c4444","N","N","","","NaN"
"NELVA","0x5cf21c85168b90e4b4c49c63edb67eed7c9b4444","N","N","","","NaN"
"Biao","0x8da17cff07aa9e36de269af27e05a5de69fe4444","N","N","","","NaN"
"éœ²å¨œçŒ«","0x6834d276d0e9bfdb2c051d89a1fdaea4a9c04444","N","N","","","NaN"
"æœˆäº®çŒ«","0xb9d6409d2aa21eb1e15d89776baeaf96740d4444","N","N","","","NaN"
"æ–°å¹´çŒ«","0xa66740da7ad6792ff2e72028cb4b0ecc5c1d4444","N","N","","","NaN"
"LUNAR CAT","0x7f89cd739b97767cc5f547a03b50e0d7f00b4444","N","N","","","NaN"
"å°çŒ«","0xb92a02f8a02cff1999c5e3d8b8020a074e594444","N","N","","","NaN"
"CAT","0xe2c9d19704a12bfa97fddae1d0b8100ed53d4444","N","N","","","NaN"
"LUNAR CAT","0xc9ea6c8f31b5bd132fadd083423c659994c44444","N","N","","","NaN"
"éœ²å¨œçŒ«","0xf06f1ee4d814dbf487c4969cab94c31622a64444","N","N","","","NaN"
"ç¦çŒ«","0xd0f9b28922175f59df7c661b709e755460704444","N","N","","","NaN"
"å°åˆä¸€","0x97cb2b6bd1a6c28f012f7685e7769feb79644444","Y","N","0.00","6.74","11.1"
"è´¢ç¥çˆ·","0xa0c29ab86e2c600771116d94ff54f1dfa4ac4444","N","N","","","NaN"
"HappyCNY","0xe9b48f36d16a3822fd1281cb548d6d3042f1ffff","N","N","","","NaN"
"$HunterAi","0x44446f3289dd515a5328ecddba347ae91a9df05e","N","N","","","NaN"
"çˆ†ç¦å¸","0xe99b772e77f9620088ccbd0bd2bf1e0c93a44444","N","N","","","NaN"
"APEX","0x444414cef12a7d22b9975f5f1ec15f56277c90c8","N","N","","","NaN"
"Auspicious","0x915fbf3fad417b555811eeb7d7d4e564583f4444","N","N","","","NaN"
"è´¢ç¥çŒ«å¸","0x3bbb9205a0cfc5a9c596be2266423a1eae964444","N","N","","","NaN"
"ZEN","0xf56b1a82ce1ea851cfb9832c19566b1ee77e4444","N","N","","","NaN"
"å¥½è¿é©¬ä¸Šåˆ°","0x55a6d8f4abdb577866aeabb22302928874814444","Y","N","0.00","18.49","22.2"
"Goo","0x1a00ae4166a408b0e25f05f46934b78442b24444","N","N","","","NaN"
"Moltbook","0xa8714a85c3a4b37376cdd9f5afff0ece13ebffff","N","N","","","NaN"
"horse","0x2889acf3dbc67f3b7abc77bf35ebacf8e6394444","N","N","","-1.31","11.1"
"BUMBLEBEE","0x4444ee690be46fb8230be163527ac58aabc17bb6","N","N","","","NaN"
"å¥½è¿é©¬ä¸Šåˆ°","0x5d8e52239d15326c88f81e603a292011d8fe4444","N","N","","","NaN"
"TORTA","0x444474c818d0ea370116024ebc4696172afe776c","N","N","","","NaN"
"ä¹¦ç±ä¹¦ç±","0x6f3649e163d883f124058fac87f76a395d684444","Y","N","0.00","3.95","11.1"
"UnifyCoin","0x4444537e7b6eb1df6d78a8a8313402497595be22","N","N","","","NaN"
"$NVA","0x0fc2e46f4cce5c1665e810ddfb5bfd44b4264444","N","N","","","NaN"
"Don't","0xf0f840713dc26cf99dbe895552b8066a1d7a4444","N","N","","","NaN"
"é©¬è¿è…¾é£","0xb52f4f0d4f10d87cf94aef65d42f5947f629ffff","Y","N","0.00","3.95","33.3"
"ç¶ è‰²æ˜¯å°çš„","0x3a03792319a44721f7b20b78979733dc26ec4444","N","N","","","NaN"
"PCNY","0xff4c937e144d1d0c288593af1c598e83fbc84444","N","N","","","NaN"
"huge","0x038d941f8ddbac48595950c337508c095a694444","N","N","","","NaN"
"é©¬","0x4930c995236798151c6d4ec670a64a5785b44444","N","N","","","NaN"
"é©¬åˆ°æˆåŠŸ","0x3655c89789c18a42a9e81efdf9efccc7eb874444","Y","Y","0.00","39.35","55.6"
"å¥”èµ´æ–°æ˜¥","0x1af5e54517ffdba1f1b1790e710f351fbdb24444","N","N","","","NaN"
"é©¬å¤´","0x96f24fa69f390649f8fcb45d04e167256621ffff","Y","N","0.00","4.28","44.4"
"TTM","0xe41448759c1dfc1773ed705d1d9a879507d24444","N","N","","","NaN"
"é©¬ä½©ä½©","0x9b6cff53e5313cbcfd098af00fda0d5e0166ffff","Y","N","0.00","2.32","11.1"
"ç¥é©¬","0x294cafda90c3f4738420c2e1d34f4006c6694444","N","N","","","NaN"
"ç¥é©¬","0x41493f148fc78584286a6d088da5b8cdd5524444","N","N","","","NaN"
"å›¢åœ†æ—¶åˆ»","0xccc5cf995bfefbad2521786606fb425e0e8c4444","N","N","","","NaN"
"ç™½å·¦","0xec61eb4fc3c1c3bfae99ec8017a379b44fb44444","Y","N","0.00","0.10","11.1"
"MAYA","0x5a3509c1da64253f780adb1208984c86fffaffff","N","N","","","NaN"
"å¦ˆå¦ˆ","0xc95ad3d1883bf2c071117ed14c40d6cadf794444","N","N","","","NaN"
"å›¢åœ†æ—¶åˆ»","0xfde3dd53feb983252300c708e251caddd4124444","N","N","","","NaN"
"MAYA","0x7dc438a1fb79ea0344dc7b4540cd442ea0ac4444","Y","Y","0.00","8.29","55.6"
"Draco","0xb8d69f0d122678048653b05605d188aa2b1a4444","N","N","","","NaN"
"GTA6","0x444411cf6fb08533b2281080d7dc5b3aab7a6ad7","N","N","","","NaN"
"MAYA","0xe28977062b51b8d61c051d2fb97cc921509c4444","Y","Y","0.00","45.28","66.7"
"The Voter Dog","0x707dd0e5210a36cc985c1c4652be98b17e674444","N","N","","","NaN"
"MAYA","0xfefa41e6b226e93bfbdef43e3785e9aa5e384444","N","N","","","NaN"
"é©¬","0x306fc5c86e4048300d7cc79f4b776e73b36d4444","N","N","","","NaN"
"é©¬","0xc79c9676f16554f25ef8d2727d99194e262c4444","N","N","","","NaN"
"USDT","0xe9df3771e93da101599f454daecfda3dc2394444","N","N","","","NaN"
"ZEUS","0x49d43c723cdf0938deff1b3fb198d586ca814444","N","N","","","NaN"
"NELSON","0x8aeee290fed3ff2e88ee65116532efb0f03affff","N","N","","","NaN"
"æŒè·ç¦»","0xea579bf2de157469da18811e4e7f249073b94444","N","N","","","NaN"
"å®ˆå²æ˜Ÿå…‰","0x1c1509058d3d3eef7865b96f98eb97e6a1c74444","N","N","","","NaN"
"CODY","0x444420c2b50dd3fb7ee97954252e7780d0c0c3e5","N","N","","","NaN"
"ç¦å­—ç²˜","0x610987405b1339aacb9aa1eefeced5ec3de34444","N","N","","","NaN"
"é©¬å®å®","0xc09e072e892c4fe6b7901f03556ae44489ea4444","N","N","","","NaN"
"æœºä¼š","0x4c02f5424e4da345603207aade0515ba80924444","N","N","","","NaN"
"BINANCIANS","0x470b3075c0e880b156875ba9498bab5ad56b4444","N","N","","","NaN"
"NFA","0x2f9a397011c5d3cdaee4f5ff893e654332b14444","N","N","","","NaN"
"NFA","0x3955c43230ef7ab820d6e0a103261c8b055b4444","N","N","","","NaN"
"çœŸæ­£çš„å¸å®‰äººå…±åŒå»ºè®¾","0xd80a27124463fa8a6313cb0d26ab8ed433d24444","N","N","","","NaN"
"NFA","0x73f15d2287f1b30f6f9703f403162b0005274444","N","N","","","NaN"
"FUD","0x587798481cd0d571ad3d26aa6ffa3b5104744444","N","N","","","NaN"
"å»ºç­‘","0xec687995f7532588e5db4720d88e76135dc34444","N","N","","","NaN"
"1","0xe9525866aa806ce6c4d70bf86058659fcccbffff","N","N","","","NaN"
"æ™ºèƒ½å¤§","0x1b23d8ddbe00048d09b16f1a1eef789eb4804444","N","N","","","NaN"
"è¾¹åˆæˆ‘","0x95c01d30fd70d7ac7f933cdad9338937cf114444","N","N","","","NaN"
"æœºå™¨å°é©¬","0x063604a6e6e855b6e6729e976a15fc68bbeb4444","N","N","","","NaN"
"åƒç„¶åƒå®œ","0x73b2e438ad67315f383c9b6f87113986fc2c4444","Y","N","0.00","10.84","11.1"
"QQ","0x8f5f3b6e9c72f021d98db3f1622ac42a4dd14444","N","N","","","NaN"
"å‰ç¥¥ç¯ç¬¼","0x7c7acb34745245ccc859da9711a3c20fc9334444","N","N","","","NaN"
"å¤¯","0x610010a6e250016f84798d22828b94357abf4444","N","N","","","NaN"
"æœºå™¨äººZGåŠŸå¤«å¤¯çˆ†äº†","0x672a034d32c21e0033c428f47f73cd4558b54444","N","N","","","NaN"
"äººç”Ÿé£é©°","0xf553b46a355d4eeb1e0ad07c7119b898594c4444","Y","N","0.00","2.78","44.4"
"é©¬å‡æœŸ","0x6245a9e7f1ba4a3fbefc25035613ef5e467a4444","N","N","","","NaN"
"é“œå¥”é©¬","0x38e26383bb9017f0c1b1aeee2b210840684f4444","N","N","","","NaN"
"åƒè‘±å§œ","0x8fc7cacecceeaa2c852fcef38f7c3e0d7fd84444","N","N","","","NaN"
"å‰ç¥¥å¦‚æ„","0x69eb7c473a6343ddec4f8f274c415e57641c4444","N","N","","","NaN"
"å›¢åœ†ç¦","0x128d677f3f6b1c20e74d837cb53be7061c574444","N","N","","","NaN"
"Wheelie","0x4444ace8ff87d0cd616a12ed3dcbff9db71aaa3d","N","N","","","NaN"
"ç«é©¬","0x78a1c9813711438cf486bf89c10a9213b1204444","N","N","","","NaN"
"å‘å‘å‘","0xed0cca208997f742e9c1832eebf5cff606bc4444","N","N","","","NaN"
"æ˜¥æ™šçº¢","0x9c232d8ff407e24e1f259469085ccc4d77944444","N","N","","","NaN"
"éªéª¥é©°éª‹","0xe4ff51743bb71a50a7c8f9afa264aca455fb4444","N","N","","","NaN"
"é§¿é¦¬é¦³é¨","0xb9113492964ed2130d0e923bcb765adc82234444","N","N","","","NaN"
"æˆ‘è¸é©¬ç»™ä½ é€ç¥ç¦","0x4e9b993eed5bca5195339a349b546a41611effff","N","N","","","NaN"
"è´¢ç¥åˆ°","0xd24e14125e30ea930cf8cf991fd580346dc14444","N","N","","","NaN"
"å®ˆå²è¿æ–°","0x5aff12392a3f91248c6d46081e55b24adf054444","N","N","","","NaN"
"Santaclaw","0xf3a8f1ffa0ca529502c6eafffef633b737474444","N","N","","","NaN"
"é©¬ä¸Šæœ‰ç¦","0x545e1a0118ca2b6e9f45dc8e648f7a3344234444","N","N","","","NaN"
"ç¦åˆ°","0x08df737ebc5d6e25cf414787e5995a6e7d564444","N","N","","","NaN"
"ç¥ä½ è¸é©¬æ²¡å¿§æ„","0x8116ed6909a7858f41d53c47d7cca4902004ffff","Y","N","0.00","1.82","22.2"
"cto","0x4444b98ad1f645d471a1f5d4106e6f2987d2d88c","N","N","","","NaN"
"ç…¤æ°”ç½","0x28734d697e3d86652c5ab440291b70d211c84444","N","N","","","NaN"
"é©¬å¹´å¤§å‰","0x69bf7aee2e57c4e899f701581f0fb90a260b4444","N","N","","","NaN"
"ç›Ÿå‹","0xe51f59f2f4e97d63f22019f65f4f1594863c4444","N","N","","","NaN"
"å¦–","0xe9f8fdeea43b33e2bfe5543378b7e827904c4444","Y","Y","0.00","39.81","75.0"
"æ‹œå¹´","0x86c2b925bcc8953f319324e1a4c88d2e32ba4444","N","N","","","NaN"